tensor,proj,stoc_len,halve,scramble,mse,rel_fro
L0.down_proj,down_proj,256,full,off,3.440489990680362e-07,0.011304090730845928
L0.down_proj,down_proj,256,full,counter,3.440489990680362e-07,0.011304090730845928
L0.down_proj,down_proj,256,full,bitrev,3.440489990680362e-07,0.011304090730845928
L0.down_proj,down_proj,256,halve,off,3.317902894650615e-07,0.01110087800770998
L0.down_proj,down_proj,256,halve,counter,2.1587779031051468e-07,0.00895425584167242
L0.down_proj,down_proj,256,halve,bitrev,2.0899952346553619e-07,0.008810451254248619
L0.down_proj,down_proj,192,full,off,5.565713081523427e-07,0.014377584680914879
L0.down_proj,down_proj,192,full,counter,3.84650974183387e-07,0.011952504515647888
L0.down_proj,down_proj,192,full,bitrev,3.5930369790548866e-07,0.011551978066563606
L0.down_proj,down_proj,192,halve,off,5.390880915001617e-07,0.014149965718388557
L0.down_proj,down_proj,192,halve,counter,3.84431672273422e-07,0.01194909680634737
L0.down_proj,down_proj,192,halve,bitrev,3.5956432498096547e-07,0.011556167155504227
L0.down_proj,down_proj,128,full,off,1.3470846624841215e-06,0.02236778289079666
L0.down_proj,down_proj,128,full,counter,6.651997068729543e-07,0.01571815274655819
L0.down_proj,down_proj,128,full,bitrev,5.585057465395948e-07,0.014402547851204872
L0.down_proj,down_proj,128,halve,off,1.2876242863057996e-06,0.021868553012609482
L0.down_proj,down_proj,128,halve,counter,6.588845167243562e-07,0.015643363818526268
L0.down_proj,down_proj,128,halve,bitrev,5.427357905318786e-07,0.01419775653630495
L0.down_proj,down_proj,96,full,off,2.57441024587024e-06,0.030921772122383118
L0.down_proj,down_proj,96,full,counter,1.3256790225568693e-06,0.02218935452401638
L0.down_proj,down_proj,96,full,bitrev,9.986026725528063e-07,0.019258474931120872
L0.down_proj,down_proj,96,halve,off,2.5117867608059896e-06,0.030543366447091103
L0.down_proj,down_proj,96,halve,counter,1.3143398973625153e-06,0.022094255313277245
L0.down_proj,down_proj,96,halve,bitrev,9.823229447647464e-07,0.019100846722722054
L0.down_proj,down_proj,64,full,off,6.967351964703994e-06,0.05086972564458847
L0.down_proj,down_proj,64,full,counter,2.405794930382399e-06,0.029891986399888992
L0.down_proj,down_proj,64,full,bitrev,1.8878311038861284e-06,0.026479333639144897
L0.down_proj,down_proj,64,halve,off,6.798355116188759e-06,0.050248999148607254
L0.down_proj,down_proj,64,halve,counter,2.3951572529767873e-06,0.029825827106833458
L0.down_proj,down_proj,64,halve,bitrev,1.8705533193497104e-06,0.02635788358747959
L0.down_proj,down_proj,48,full,off,1.2864644304499961e-05,0.0691232904791832
L0.down_proj,down_proj,48,full,counter,3.7302891087165335e-06,0.037221744656562805
L0.down_proj,down_proj,48,full,bitrev,3.9614542401977815e-06,0.038357723504304886
L0.down_proj,down_proj,48,halve,off,1.2691265510511585e-05,0.06865590810775757
L0.down_proj,down_proj,48,halve,counter,3.727021066879388e-06,0.03720543906092644
L0.down_proj,down_proj,48,halve,bitrev,3.940659553336445e-06,0.038256917148828506
L0.down_proj,down_proj,32,full,off,3.3675896702334285e-05,0.11183689534664154
L0.down_proj,down_proj,32,full,counter,7.400401500490261e-06,0.0524267740547657
L0.down_proj,down_proj,32,full,bitrev,6.073597432987299e-06,0.04749506711959839
L0.down_proj,down_proj,32,halve,off,3.3279273338848725e-05,0.11117634922266006
L0.down_proj,down_proj,32,halve,counter,7.3768651418504305e-06,0.05234333872795105
L0.down_proj,down_proj,32,halve,bitrev,6.034289981471375e-06,0.04734112694859505
L0.down_proj,down_proj,16,full,off,0.00015550960961263627,0.2403278648853302
L0.down_proj,down_proj,16,full,counter,2.096697426168248e-05,0.08824566006660461
L0.down_proj,down_proj,16,full,bitrev,1.58954098878894e-05,0.07683540135622025
L0.down_proj,down_proj,16,halve,off,0.0001547180872876197,0.23971545696258545
L0.down_proj,down_proj,16,halve,counter,2.0920791939715855e-05,0.08814842998981476
L0.down_proj,down_proj,16,halve,bitrev,1.5775900465087034e-05,0.07654601335525513
L0.gate_proj,gate_proj,256,full,off,7.910504791652784e-06,0.026632625609636307
L0.gate_proj,gate_proj,256,full,counter,7.910504791652784e-06,0.026632625609636307
L0.gate_proj,gate_proj,256,full,bitrev,7.910504791652784e-06,0.026632625609636307
L0.gate_proj,gate_proj,256,halve,off,7.054927209537709e-06,0.025151168927550316
L0.gate_proj,gate_proj,256,halve,counter,5.956406766927103e-06,0.023110220208764076
L0.gate_proj,gate_proj,256,halve,bitrev,6.003295311529655e-06,0.023201003670692444
L0.gate_proj,gate_proj,192,full,off,1.2804463949578349e-05,0.03388383984565735
L0.gate_proj,gate_proj,192,full,counter,1.070691450877348e-05,0.03098446875810623
L0.gate_proj,gate_proj,192,full,bitrev,1.057980080076959e-05,0.030799994245171547
L0.gate_proj,gate_proj,192,halve,off,1.1823045497294515e-05,0.032559413462877274
L0.gate_proj,gate_proj,192,halve,counter,1.0703047337301541e-05,0.030978873372077942
L0.gate_proj,gate_proj,192,halve,bitrev,1.0289370038663037e-05,0.030374299734830856
L0.gate_proj,gate_proj,128,full,off,3.4857082937378436e-05,0.055905867367982864
L0.gate_proj,gate_proj,128,full,counter,2.1585990907624364e-05,0.04399445280432701
L0.gate_proj,gate_proj,128,full,bitrev,2.063690590148326e-05,0.04301641508936882
L0.gate_proj,gate_proj,128,halve,off,2.9743287086603232e-05,0.05164239555597305
L0.gate_proj,gate_proj,128,halve,counter,2.098567165376153e-05,0.043378379195928574
L0.gate_proj,gate_proj,128,halve,bitrev,1.934277497639414e-05,0.04164580628275871
L0.gate_proj,gate_proj,96,full,off,5.947863246547058e-05,0.07302849739789963
L0.gate_proj,gate_proj,96,full,counter,3.600689524319023e-05,0.05682045593857765
L0.gate_proj,gate_proj,96,full,bitrev,3.365814336575568e-05,0.054935991764068604
L0.gate_proj,gate_proj,96,halve,off,5.3008079703431576e-05,0.06894184648990631
L0.gate_proj,gate_proj,96,halve,counter,3.536922304192558e-05,0.05631507188081741
L0.gate_proj,gate_proj,96,halve,bitrev,3.255253250245005e-05,0.05402618646621704
L0.gate_proj,gate_proj,64,full,off,0.000174094588146545,0.12494087219238281
L0.gate_proj,gate_proj,64,full,counter,7.479425403289497e-05,0.08189285546541214
L0.gate_proj,gate_proj,64,full,bitrev,6.943503103684634e-05,0.0789043977856636
L0.gate_proj,gate_proj,64,halve,off,0.00015884033928159624,0.11934172362089157
L0.gate_proj,gate_proj,64,halve,counter,7.409355021081865e-05,0.0815083459019661
L0.gate_proj,gate_proj,64,halve,bitrev,6.784948345739394e-05,0.07799830287694931
L0.gate_proj,gate_proj,48,full,off,0.0002934836666099727,0.1622197926044464
L0.gate_proj,gate_proj,48,full,counter,0.00012437028635758907,0.10560153424739838
L0.gate_proj,gate_proj,48,full,bitrev,0.00011558664118638262,0.1018042042851448
L0.gate_proj,gate_proj,48,halve,off,0.0002770346181932837,0.1576082408428192
L0.gate_proj,gate_proj,48,halve,counter,0.00012344960123300552,0.10520993173122406
L0.gate_proj,gate_proj,48,halve,bitrev,0.00011347948748152703,0.1008719876408577
L0.gate_proj,gate_proj,32,full,off,0.000827707233838737,0.2724270820617676
L0.gate_proj,gate_proj,32,full,counter,0.00025852079852484167,0.15225082635879517
L0.gate_proj,gate_proj,32,full,bitrev,0.00022981525398790836,0.143549382686615
L0.gate_proj,gate_proj,32,halve,off,0.0007922709337435663,0.2665316164493561
L0.gate_proj,gate_proj,32,halve,counter,0.0002572687226347625,0.15188167989253998
L0.gate_proj,gate_proj,32,halve,bitrev,0.00022744890884496272,0.14280842244625092
L0.gate_proj,gate_proj,16,full,off,0.003875375958159566,0.5894796252250671
L0.gate_proj,gate_proj,16,full,counter,0.0008535305387340486,0.2766440808773041
L0.gate_proj,gate_proj,16,full,bitrev,0.0007163810660131276,0.2534451186656952
L0.gate_proj,gate_proj,16,halve,off,0.0038100818637758493,0.5844926238059998
L0.gate_proj,gate_proj,16,halve,counter,0.0008514453074894845,0.2763059735298157
L0.gate_proj,gate_proj,16,halve,bitrev,0.0007084611570462584,0.2520402669906616
L0.k_proj,k_proj,256,full,off,0.0008907048613764346,0.02069762907922268
L0.k_proj,k_proj,256,full,counter,0.0008907048613764346,0.02069762907922268
L0.k_proj,k_proj,256,full,bitrev,0.0008907048613764346,0.02069762907922268
L0.k_proj,k_proj,256,halve,off,0.000739607319701463,0.018860546872019768
L0.k_proj,k_proj,256,halve,counter,0.00013677007518708706,0.00811053067445755
L0.k_proj,k_proj,256,halve,bitrev,0.00014656793791800737,0.00839601457118988
L0.k_proj,k_proj,192,full,off,0.0015353824710473418,0.02717452496290207
L0.k_proj,k_proj,192,full,counter,0.0002308492112206295,0.010537021793425083
L0.k_proj,k_proj,192,full,bitrev,0.0002299328480148688,0.010516087524592876
L0.k_proj,k_proj,192,halve,off,0.0012712631141766906,0.024726998060941696
L0.k_proj,k_proj,192,halve,counter,0.00023863812384661287,0.010713308118283749
L0.k_proj,k_proj,192,halve,bitrev,0.00022923399228602648,0.01050009485334158
L0.k_proj,k_proj,128,full,off,0.004985070787370205,0.04896540567278862
L0.k_proj,k_proj,128,full,counter,0.00043318193638697267,0.014434071257710457
L0.k_proj,k_proj,128,full,bitrev,0.00046404506429098547,0.01493942178785801
L0.k_proj,k_proj,128,halve,off,0.0040959445759654045,0.044384438544511795
L0.k_proj,k_proj,128,halve,counter,0.0004327154310885817,0.014426298439502716
L0.k_proj,k_proj,128,halve,bitrev,0.0003912117099389434,0.013717014342546463
L0.k_proj,k_proj,96,full,off,0.008925109170377254,0.06551797688007355
L0.k_proj,k_proj,96,full,counter,0.0007379748858511448,0.018839722499251366
L0.k_proj,k_proj,96,full,bitrev,0.0007252360810525715,0.018676411360502243
L0.k_proj,k_proj,96,halve,off,0.007781446445733309,0.06117638945579529
L0.k_proj,k_proj,96,halve,counter,0.000730286817997694,0.01874133013188839
L0.k_proj,k_proj,96,halve,bitrev,0.0006198075134307146,0.017265617847442627
L0.k_proj,k_proj,64,full,off,0.027869023382663727,0.11577492952346802
L0.k_proj,k_proj,64,full,counter,0.0015591076808050275,0.027383675798773766
L0.k_proj,k_proj,64,full,bitrev,0.0014633149839937687,0.026529107242822647
L0.k_proj,k_proj,64,halve,off,0.025576818734407425,0.11091158539056778
L0.k_proj,k_proj,64,halve,counter,0.0015223589725792408,0.027059029787778854
L0.k_proj,k_proj,64,halve,bitrev,0.0012332428013905883,0.02435442991554737
L0.k_proj,k_proj,48,full,off,0.04855737090110779,0.1528203785419464
L0.k_proj,k_proj,48,full,counter,0.0025363177992403507,0.03492653742432594
L0.k_proj,k_proj,48,full,bitrev,0.002410630229860544,0.034050147980451584
L0.k_proj,k_proj,48,halve,off,0.045820534229278564,0.14845122396945953
L0.k_proj,k_proj,48,halve,counter,0.002493704902008176,0.034631893038749695
L0.k_proj,k_proj,48,halve,bitrev,0.002049966249614954,0.031399812549352646
L0.k_proj,k_proj,32,full,off,0.1368725597858429,0.25657355785369873
L0.k_proj,k_proj,32,full,counter,0.004884055815637112,0.0484667606651783
L0.k_proj,k_proj,32,full,bitrev,0.0040865568444132805,0.04433354362845421
L0.k_proj,k_proj,32,halve,off,0.13146212697029114,0.25145137310028076
L0.k_proj,k_proj,32,halve,counter,0.00476160179823637,0.04785531759262085
L0.k_proj,k_proj,32,halve,bitrev,0.003749456023797393,0.04246565327048302
L0.k_proj,k_proj,16,full,off,0.6286499500274658,0.5498676300048828
L0.k_proj,k_proj,16,full,counter,0.018833525478839874,0.09517426043748856
L0.k_proj,k_proj,16,full,bitrev,0.011857520788908005,0.07551802694797516
L0.k_proj,k_proj,16,halve,off,0.616685152053833,0.544609785079956
L0.k_proj,k_proj,16,halve,counter,0.01808614656329155,0.09326671808958054
L0.k_proj,k_proj,16,halve,bitrev,0.011380625888705254,0.0739838257431984
L0.o_proj,o_proj,256,full,off,3.818393068399928e-08,0.023424847051501274
L0.o_proj,o_proj,256,full,counter,3.818393068399928e-08,0.023424847051501274
L0.o_proj,o_proj,256,full,bitrev,3.818393068399928e-08,0.023424847051501274
L0.o_proj,o_proj,256,halve,off,3.4585639241413446e-08,0.0222938135266304
L0.o_proj,o_proj,256,halve,counter,2.704838841793844e-08,0.01971547119319439
L0.o_proj,o_proj,256,halve,bitrev,2.7502123245426446e-08,0.01988014578819275
L0.o_proj,o_proj,192,full,off,6.261642226945696e-08,0.029997190460562706
L0.o_proj,o_proj,192,full,counter,4.941225384413883e-08,0.026647336781024933
L0.o_proj,o_proj,192,full,bitrev,4.83010715868204e-08,0.026346011087298393
L0.o_proj,o_proj,192,halve,off,5.958306559250559e-08,0.02926158532500267
L0.o_proj,o_proj,192,halve,counter,4.9691337267177005e-08,0.026722483336925507
L0.o_proj,o_proj,192,halve,bitrev,4.770041783785928e-08,0.02618168480694294
L0.o_proj,o_proj,128,full,off,1.6397723356931238e-07,0.04854318127036095
L0.o_proj,o_proj,128,full,counter,9.558761604466781e-08,0.03706271946430206
L0.o_proj,o_proj,128,full,bitrev,9.537885148347414e-08,0.03702222555875778
L0.o_proj,o_proj,128,halve,off,1.4367715550633875e-07,0.045439161360263824
L0.o_proj,o_proj,128,halve,counter,9.321518490423841e-08,0.036599889397621155
L0.o_proj,o_proj,128,halve,bitrev,9.049737315081074e-08,0.03606238588690758
L0.o_proj,o_proj,96,full,off,2.7564260562940035e-07,0.06293752044439316
L0.o_proj,o_proj,96,full,counter,1.6150352166732773e-07,0.048175640404224396
L0.o_proj,o_proj,96,full,bitrev,1.565506266842931e-07,0.04743117466568947
L0.o_proj,o_proj,96,halve,off,2.568246202372393e-07,0.060751188546419144
L0.o_proj,o_proj,96,halve,counter,1.6031590632792359e-07,0.047998182475566864
L0.o_proj,o_proj,96,halve,bitrev,1.526712907207184e-07,0.04683981090784073
L0.o_proj,o_proj,64,full,off,8.15964824596449e-07,0.10828596353530884
L0.o_proj,o_proj,64,full,counter,3.3429773793614004e-07,0.06931116431951523
L0.o_proj,o_proj,64,full,bitrev,3.168315174661984e-07,0.06747620552778244
L0.o_proj,o_proj,64,halve,off,7.63289335736772e-07,0.10473240166902542
L0.o_proj,o_proj,64,halve,counter,3.327737658764818e-07,0.06915299594402313
L0.o_proj,o_proj,64,halve,bitrev,3.0989738775133446e-07,0.06673373281955719
L0.o_proj,o_proj,48,full,off,1.4062587752050604e-06,0.14215727150440216
L0.o_proj,o_proj,48,full,counter,5.656758617078594e-07,0.09016132354736328
L0.o_proj,o_proj,48,full,bitrev,5.055111387264333e-07,0.08523182570934296
L0.o_proj,o_proj,48,halve,off,1.3418574553725193e-06,0.13886399567127228
L0.o_proj,o_proj,48,halve,counter,5.61415788524755e-07,0.08982118219137192
L0.o_proj,o_proj,48,halve,bitrev,4.977028993380372e-07,0.08457101136445999
L0.o_proj,o_proj,32,full,off,3.88316584576387e-06,0.23622694611549377
L0.o_proj,o_proj,32,full,counter,1.1402235031710006e-06,0.12800633907318115
L0.o_proj,o_proj,32,full,bitrev,1.0581851483948412e-06,0.12331538647413254
L0.o_proj,o_proj,32,halve,off,3.76869479623565e-06,0.2327190637588501
L0.o_proj,o_proj,32,halve,counter,1.139548317041772e-06,0.127968430519104
L0.o_proj,o_proj,32,halve,bitrev,1.0335664910599007e-06,0.12187248468399048
L0.o_proj,o_proj,16,full,off,1.7545238733873703e-05,0.5021299123764038
L0.o_proj,o_proj,16,full,counter,3.7306353988242336e-06,0.2315409928560257
L0.o_proj,o_proj,16,full,bitrev,3.160168489557691e-06,0.2131039798259735
L0.o_proj,o_proj,16,halve,off,1.7268395822611637e-05,0.49815264344215393
L0.o_proj,o_proj,16,halve,counter,3.6911346796841826e-06,0.23031191527843475
L0.o_proj,o_proj,16,halve,bitrev,3.0751082249480532e-06,0.2102164328098297
L0.q_proj,q_proj,256,full,off,0.0005316467140801251,0.0185102391988039
L0.q_proj,q_proj,256,full,counter,0.0005316467140801251,0.0185102391988039
L0.q_proj,q_proj,256,full,bitrev,0.0005316467140801251,0.0185102391988039
L0.q_proj,q_proj,256,halve,off,0.00044390023685991764,0.016913877800107002
L0.q_proj,q_proj,256,halve,counter,5.982363290968351e-05,0.006209217477589846
L0.q_proj,q_proj,256,halve,bitrev,6.644471432082355e-05,0.00654381001368165
L0.q_proj,q_proj,192,full,off,0.0009106734651140869,0.024226006120443344
L0.q_proj,q_proj,192,full,counter,9.95226509985514e-05,0.008008689619600773
L0.q_proj,q_proj,192,full,bitrev,0.00010512988228583708,0.008231207728385925
L0.q_proj,q_proj,192,halve,off,0.0007410550606437027,0.02185373567044735
L0.q_proj,q_proj,192,halve,counter,0.00010276548709953204,0.008138120174407959
L0.q_proj,q_proj,192,halve,bitrev,0.00010389911039965227,0.008182884193956852
L0.q_proj,q_proj,128,full,off,0.0030351632740348577,0.04422740638256073
L0.q_proj,q_proj,128,full,counter,0.00019622397667262703,0.011245441623032093
L0.q_proj,q_proj,128,full,bitrev,0.00022892429842613637,0.012146367691457272
L0.q_proj,q_proj,128,halve,off,0.0024867248721420765,0.04003264755010605
L0.q_proj,q_proj,128,halve,counter,0.00019237847300246358,0.011134704574942589
L0.q_proj,q_proj,128,halve,bitrev,0.00017953274073079228,0.010756532661616802
L0.q_proj,q_proj,96,full,off,0.005394201260060072,0.058960892260074615
L0.q_proj,q_proj,96,full,counter,0.00033043697476387024,0.014593006111681461
L0.q_proj,q_proj,96,full,bitrev,0.0003395316016394645,0.01479246560484171
L0.q_proj,q_proj,96,halve,off,0.004703355487436056,0.05505596473813057
L0.q_proj,q_proj,96,halve,counter,0.0003209613496437669,0.014382250607013702
L0.q_proj,q_proj,96,halve,bitrev,0.0002785856486298144,0.013399229384958744
L0.q_proj,q_proj,64,full,off,0.016641302034258842,0.10356049239635468
L0.q_proj,q_proj,64,full,counter,0.000733138294890523,0.021736690774559975
L0.q_proj,q_proj,64,full,bitrev,0.0006589630502276123,0.02060776948928833
L0.q_proj,q_proj,64,halve,off,0.015352868475019932,0.09947070479393005
L0.q_proj,q_proj,64,halve,counter,0.000722013006452471,0.02157113328576088
L0.q_proj,q_proj,64,halve,bitrev,0.0005361527437344193,0.018588516861200333
L0.q_proj,q_proj,48,full,off,0.028834374621510506,0.13631878793239594
L0.q_proj,q_proj,48,full,counter,0.001162037835456431,0.027365954592823982
L0.q_proj,q_proj,48,full,bitrev,0.001164752640761435,0.02739790268242359
L0.q_proj,q_proj,48,halve,off,0.027326466515660286,0.13270649313926697
L0.q_proj,q_proj,48,halve,counter,0.001147576840594411,0.027195144444704056
L0.q_proj,q_proj,48,halve,bitrev,0.0009418327244929969,0.024636974558234215
L0.q_proj,q_proj,32,full,off,0.0809280276298523,0.22837573289871216
L0.q_proj,q_proj,32,full,counter,0.0023991819471120834,0.03932167962193489
L0.q_proj,q_proj,32,full,bitrev,0.0020233560353517532,0.036110758781433105
L0.q_proj,q_proj,32,halve,off,0.0777149572968483,0.22379623353481293
L0.q_proj,q_proj,32,halve,counter,0.0023665528278797865,0.03905337676405907
L0.q_proj,q_proj,32,halve,bitrev,0.0018012787913903594,0.03407147526741028
L0.q_proj,q_proj,16,full,off,0.3700319528579712,0.48833751678466797
L0.q_proj,q_proj,16,full,counter,0.009245452471077442,0.07719062268733978
L0.q_proj,q_proj,16,full,bitrev,0.005301348399370909,0.058451227843761444
L0.q_proj,q_proj,16,halve,off,0.36306148767471313,0.48371613025665283
L0.q_proj,q_proj,16,halve,counter,0.00883779302239418,0.07546965777873993
L0.q_proj,q_proj,16,halve,bitrev,0.005001303739845753,0.05677302926778793
L0.up_proj,up_proj,256,full,off,6.305969236564124e-06,0.03053167089819908
L0.up_proj,up_proj,256,full,counter,6.305969236564124e-06,0.03053167089819908
L0.up_proj,up_proj,256,full,bitrev,6.305969236564124e-06,0.03053167089819908
L0.up_proj,up_proj,256,halve,off,5.662512194248848e-06,0.028932049870491028
L0.up_proj,up_proj,256,halve,counter,4.8539709496253636e-06,0.02678694762289524
L0.up_proj,up_proj,256,halve,bitrev,4.835841536987573e-06,0.026736875995993614
L0.up_proj,up_proj,192,full,off,1.0337145795347169e-05,0.0390908345580101
L0.up_proj,up_proj,192,full,counter,8.807431186141912e-06,0.03608271852135658
L0.up_proj,up_proj,192,full,bitrev,8.582741429563612e-06,0.03561948612332344
L0.up_proj,up_proj,192,halve,off,9.679807590146083e-06,0.03782752901315689
L0.up_proj,up_proj,192,halve,counter,8.753871043154504e-06,0.03597283735871315
L0.up_proj,up_proj,192,halve,bitrev,8.341771717823576e-06,0.03511589765548706
L0.up_proj,up_proj,128,full,off,2.7221003620070405e-05,0.0634346678853035
L0.up_proj,up_proj,128,full,counter,1.7644104445935227e-05,0.051071006804704666
L0.up_proj,up_proj,128,full,bitrev,1.6761287042754702e-05,0.04977695271372795
L0.up_proj,up_proj,128,halve,off,2.361735278100241e-05,0.059086769819259644
L0.up_proj,up_proj,128,halve,counter,1.7103478967328556e-05,0.050282496958971024
L0.up_proj,up_proj,128,halve,bitrev,1.580993011884857e-05,0.04834366589784622
L0.up_proj,up_proj,96,full,off,4.69585029350128e-05,0.08331663906574249
L0.up_proj,up_proj,96,full,counter,2.9533666747738607e-05,0.0660744160413742
L0.up_proj,up_proj,96,full,bitrev,2.783793388516642e-05,0.06414947658777237
L0.up_proj,up_proj,96,halve,off,4.254037048667669e-05,0.07930038124322891
L0.up_proj,up_proj,96,halve,counter,2.8916003429912962e-05,0.06537982076406479
L0.up_proj,up_proj,96,halve,bitrev,2.6778507162816823e-05,0.06291697174310684
L0.up_proj,up_proj,64,full,off,0.00013316435797605664,0.14030355215072632
L0.up_proj,up_proj,64,full,counter,6.100074460846372e-05,0.09496032446622849
L0.up_proj,up_proj,64,full,bitrev,5.6956414482556283e-05,0.09175842255353928
L0.up_proj,up_proj,64,halve,off,0.00012256794434506446,0.13460558652877808
L0.up_proj,up_proj,64,halve,counter,6.035016485839151e-05,0.09445258975028992
L0.up_proj,up_proj,64,halve,bitrev,5.577657793764956e-05,0.09080307930707932
L0.up_proj,up_proj,48,full,off,0.00022715494560543448,0.18324650824069977
L0.up_proj,up_proj,48,full,counter,0.00010256348468828946,0.12313202768564224
L0.up_proj,up_proj,48,full,bitrev,9.448241326026618e-05,0.11818166822195053
L0.up_proj,up_proj,48,halve,off,0.00021510555234272033,0.17832015454769135
L0.up_proj,up_proj,48,halve,counter,0.00010198768723057583,0.12278589606285095
L0.up_proj,up_proj,48,halve,bitrev,9.274474723497406e-05,0.11708986759185791
L0.up_proj,up_proj,32,full,off,0.0006229763966985047,0.303466260433197
L0.up_proj,up_proj,32,full,counter,0.00021055337856523693,0.17642320692539215
L0.up_proj,up_proj,32,full,bitrev,0.00018451755749993026,0.16515566408634186
L0.up_proj,up_proj,32,halve,off,0.0005973193910904229,0.29715150594711304
L0.up_proj,up_proj,32,halve,counter,0.00020975554070901126,0.17608864605426788
L0.up_proj,up_proj,32,halve,bitrev,0.00018234584422316402,0.16418087482452393
L0.up_proj,up_proj,16,full,off,0.0028785488102585077,0.6523211002349854
L0.up_proj,up_proj,16,full,counter,0.0006937026046216488,0.3202294707298279
L0.up_proj,up_proj,16,full,bitrev,0.0005891037289984524,0.2951008677482605
L0.up_proj,up_proj,16,halve,off,0.0028294986113905907,0.6467394828796387
L0.up_proj,up_proj,16,halve,counter,0.0006917592254467309,0.3197805881500244
L0.up_proj,up_proj,16,halve,bitrev,0.000584348919801414,0.2939075231552124
L0.v_proj,v_proj,256,full,off,1.0291170838172548e-05,0.09217509627342224
L0.v_proj,v_proj,256,full,counter,1.0291170838172548e-05,0.09217509627342224
L0.v_proj,v_proj,256,full,bitrev,1.0291170838172548e-05,0.09217509627342224
L0.v_proj,v_proj,256,halve,off,9.945269084710162e-06,0.09061277657747269
L0.v_proj,v_proj,256,halve,counter,5.366010555007961e-06,0.06655902415513992
L0.v_proj,v_proj,256,halve,bitrev,5.222625077294651e-06,0.06566374003887177
L0.v_proj,v_proj,192,full,off,1.724160392768681e-05,0.11930812150239944
L0.v_proj,v_proj,192,full,counter,9.603162652638275e-06,0.08904065936803818
L0.v_proj,v_proj,192,full,bitrev,9.330725333711598e-06,0.0877685397863388
L0.v_proj,v_proj,192,halve,off,1.699338281468954e-05,0.11844618618488312
L0.v_proj,v_proj,192,halve,counter,9.534078344586305e-06,0.08871979266405106
L0.v_proj,v_proj,192,halve,bitrev,9.285077794629615e-06,0.08755359053611755
L0.v_proj,v_proj,128,full,off,4.517506749834865e-05,0.19312147796154022
L0.v_proj,v_proj,128,full,counter,1.8274435205967166e-05,0.1228296309709549
L0.v_proj,v_proj,128,full,bitrev,1.5941104720695876e-05,0.11472032964229584
L0.v_proj,v_proj,128,halve,off,4.397680822876282e-05,0.1905430108308792
L0.v_proj,v_proj,128,halve,counter,1.8155093130189925e-05,0.12242790311574936
L0.v_proj,v_proj,128,halve,bitrev,1.5629158951924182e-05,0.11359231919050217
L0.v_proj,v_proj,96,full,off,8.454537601210177e-05,0.26419591903686523
L0.v_proj,v_proj,96,full,counter,3.138313695671968e-05,0.1609642207622528
L0.v_proj,v_proj,96,full,bitrev,2.7432790375314653e-05,0.15049295127391815
L0.v_proj,v_proj,96,halve,off,8.340950444107875e-05,0.26241520047187805
L0.v_proj,v_proj,96,halve,counter,3.125680814264342e-05,0.1606399267911911
L0.v_proj,v_proj,96,halve,bitrev,2.712370769586414e-05,0.14964276552200317
L0.v_proj,v_proj,64,full,off,0.00022959265334066004,0.43537166714668274
L0.v_proj,v_proj,64,full,counter,6.413509981939569e-05,0.23010659217834473
L0.v_proj,v_proj,64,full,bitrev,5.163408786756918e-05,0.206466406583786
L0.v_proj,v_proj,64,halve,off,0.0002269540127599612,0.43286263942718506
L0.v_proj,v_proj,64,halve,counter,6.372453208314255e-05,0.2293688952922821
L0.v_proj,v_proj,64,halve,bitrev,5.131859506946057e-05,0.20583468675613403
L0.v_proj,v_proj,48,full,off,0.0004256185202393681,0.5927771329879761
L0.v_proj,v_proj,48,full,counter,0.00011024094419553876,0.3016842305660248
L0.v_proj,v_proj,48,full,bitrev,8.488240564474836e-05,0.26472198963165283
L0.v_proj,v_proj,48,halve,off,0.0004224692820571363,0.5905799865722656
L0.v_proj,v_proj,48,halve,counter,0.00010956904588965699,0.30076348781585693
L0.v_proj,v_proj,48,halve,bitrev,8.406850975006819e-05,0.2634497880935669
L0.v_proj,v_proj,32,full,off,0.001094594830647111,0.950622022151947
L0.v_proj,v_proj,32,full,counter,0.00021376990480348468,0.42010173201560974
L0.v_proj,v_proj,32,full,bitrev,0.0001611802726984024,0.3647851347923279
L0.v_proj,v_proj,32,halve,off,0.0010859143221750855,0.9468451142311096
L0.v_proj,v_proj,32,halve,counter,0.00021294142061378807,0.4192868769168854
L0.v_proj,v_proj,32,halve,bitrev,0.0001602008123882115,0.3636750876903534
L0.v_proj,v_proj,16,full,off,0.004967085085809231,2.0250325202941895
L0.v_proj,v_proj,16,full,counter,0.0006559444591403008,0.7358930706977844
L0.v_proj,v_proj,16,full,bitrev,0.00045873096678406,0.6154038906097412
L0.v_proj,v_proj,16,halve,off,0.004950807895511389,2.021711587905884
L0.v_proj,v_proj,16,halve,counter,0.0006522090989165008,0.7337947487831116
L0.v_proj,v_proj,16,halve,bitrev,0.00045252518611960113,0.6112270355224609
L15.down_proj,down_proj,256,full,off,7.974800610099919e-06,0.040119901299476624
L15.down_proj,down_proj,256,full,counter,7.974800610099919e-06,0.040119901299476624
L15.down_proj,down_proj,256,full,bitrev,7.974800610099919e-06,0.040119901299476624
L15.down_proj,down_proj,256,halve,off,7.372874733846402e-06,0.03857610374689102
L15.down_proj,down_proj,256,halve,counter,5.896332822885597e-06,0.034497763961553574
L15.down_proj,down_proj,256,halve,bitrev,5.902211796637857e-06,0.034514956176280975
L15.down_proj,down_proj,192,full,off,1.3478626897267532e-05,0.05215822160243988
L15.down_proj,down_proj,192,full,counter,1.099839573726058e-05,0.04711558669805527
L15.down_proj,down_proj,192,full,bitrev,1.06213065009797e-05,0.046300843358039856
L15.down_proj,down_proj,192,halve,off,1.2783218153344933e-05,0.05079488828778267
L15.down_proj,down_proj,192,halve,counter,1.0986170309479348e-05,0.04708939045667648
L15.down_proj,down_proj,192,halve,bitrev,1.063699892256409e-05,0.04633503407239914
L15.down_proj,down_proj,128,full,off,3.497087163850665e-05,0.08401429653167725
L15.down_proj,down_proj,128,full,counter,2.1448242478072643e-05,0.06579543650150299
L15.down_proj,down_proj,128,full,bitrev,2.018960913119372e-05,0.0638357400894165
L15.down_proj,down_proj,128,halve,off,3.185964305885136e-05,0.0801900327205658
L15.down_proj,down_proj,128,halve,counter,2.117388794431463e-05,0.06537327170372009
L15.down_proj,down_proj,128,halve,bitrev,1.9605326087912545e-05,0.06290525943040848
L15.down_proj,down_proj,96,full,off,6.166112143546343e-05,0.11155926436185837
L15.down_proj,down_proj,96,full,counter,3.629459024523385e-05,0.08558958023786545
L15.down_proj,down_proj,96,full,bitrev,3.418095366214402e-05,0.08306001871824265
L15.down_proj,down_proj,96,halve,off,5.8515222917776555e-05,0.10867618024349213
L15.down_proj,down_proj,96,halve,counter,3.579605254344642e-05,0.08499971777200699
L15.down_proj,down_proj,96,halve,bitrev,3.3578289730940014e-05,0.08232451975345612
L15.down_proj,down_proj,64,full,off,0.00017176347319036722,0.18619383871555328
L15.down_proj,down_proj,64,full,counter,7.428514072671533e-05,0.12244777381420135
L15.down_proj,down_proj,64,full,bitrev,6.837605906184763e-05,0.11747675389051437
L15.down_proj,down_proj,64,halve,off,0.00016402783512603492,0.18195278942584991
L15.down_proj,down_proj,64,halve,counter,7.376796565949917e-05,0.12202078849077225
L15.down_proj,down_proj,64,halve,bitrev,6.699224468320608e-05,0.1162819117307663
L15.down_proj,down_proj,48,full,off,0.0003038716677110642,0.2476538121700287
L15.down_proj,down_proj,48,full,counter,0.00012141362822148949,0.15654300153255463
L15.down_proj,down_proj,48,full,bitrev,0.0001115690465667285,0.15006235241889954
L15.down_proj,down_proj,48,halve,off,0.00029495390481315553,0.24399279057979584
L15.down_proj,down_proj,48,halve,counter,0.00012077272549504414,0.15612930059432983
L15.down_proj,down_proj,48,halve,bitrev,0.00011020850070053712,0.14914457499980927
L15.down_proj,down_proj,32,full,off,0.0008252880652435124,0.40813392400741577
L15.down_proj,down_proj,32,full,counter,0.0002505697775632143,0.224886953830719
L15.down_proj,down_proj,32,full,bitrev,0.00021717870549764484,0.20936715602874756
L15.down_proj,down_proj,32,halve,off,0.0008052840130403638,0.40315723419189453
L15.down_proj,down_proj,32,halve,counter,0.0002492741623427719,0.22430479526519775
L15.down_proj,down_proj,32,halve,bitrev,0.0002137028204742819,0.2076849788427353
L15.down_proj,down_proj,16,full,off,0.003814105875790119,0.877397358417511
L15.down_proj,down_proj,16,full,counter,0.0008303829235956073,0.4093917906284332
L15.down_proj,down_proj,16,full,bitrev,0.0006603065994568169,0.36506715416908264
L15.down_proj,down_proj,16,halve,off,0.0037781791761517525,0.8732552528381348
L15.down_proj,down_proj,16,halve,counter,0.0008293288410641253,0.40913188457489014
L15.down_proj,down_proj,16,halve,bitrev,0.0006556020234711468,0.36376428604125977
L15.gate_proj,gate_proj,256,full,off,9.246137051377445e-05,0.01991131156682968
L15.gate_proj,gate_proj,256,full,counter,9.246137051377445e-05,0.01991131156682968
L15.gate_proj,gate_proj,256,full,bitrev,9.246137051377445e-05,0.01991131156682968
L15.gate_proj,gate_proj,256,halve,off,8.055351645452902e-05,0.018584975972771645
L15.gate_proj,gate_proj,256,halve,counter,8.231415267800912e-05,0.018786979839205742
L15.gate_proj,gate_proj,256,halve,bitrev,8.252657426055521e-05,0.01881120540201664
L15.gate_proj,gate_proj,192,full,off,0.00015884720778558403,0.026098137721419334
L15.gate_proj,gate_proj,192,full,counter,0.00014849101717118174,0.025233054533600807
L15.gate_proj,gate_proj,192,full,bitrev,0.00014718255260959268,0.02512163482606411
L15.gate_proj,gate_proj,192,halve,off,0.00014195953554008156,0.02467186376452446
L15.gate_proj,gate_proj,192,halve,counter,0.00014931656187400222,0.025303099304437637
L15.gate_proj,gate_proj,192,halve,bitrev,0.00014238461153581738,0.02470877766609192
L15.gate_proj,gate_proj,128,full,off,0.0004095275653526187,0.04190456122159958
L15.gate_proj,gate_proj,128,full,counter,0.0002904947323258966,0.03529302030801773
L15.gate_proj,gate_proj,128,full,bitrev,0.0002970614586956799,0.03568970039486885
L15.gate_proj,gate_proj,128,halve,off,0.00032845823443494737,0.037528377026319504
L15.gate_proj,gate_proj,128,halve,counter,0.000284930836642161,0.03495340049266815
L15.gate_proj,gate_proj,128,halve,bitrev,0.00027020808192901313,0.03403837978839874
L15.gate_proj,gate_proj,96,full,off,0.0006551051046699286,0.05299992114305496
L15.gate_proj,gate_proj,96,full,counter,0.0004977731150574982,0.04619930312037468
L15.gate_proj,gate_proj,96,full,bitrev,0.00048620894085615873,0.04565950110554695
L15.gate_proj,gate_proj,96,halve,off,0.0005770776770077646,0.04974355921149254
L15.gate_proj,gate_proj,96,halve,counter,0.000494504114612937,0.046047355979681015
L15.gate_proj,gate_proj,96,halve,bitrev,0.00045915113878436387,0.044370830059051514
L15.gate_proj,gate_proj,64,full,off,0.00195419043302536,0.09153836220502853
L15.gate_proj,gate_proj,64,full,counter,0.0010171353351324797,0.06604030728340149
L15.gate_proj,gate_proj,64,full,bitrev,0.0009954330744221807,0.06533197313547134
L15.gate_proj,gate_proj,64,halve,off,0.0017234955448657274,0.08596561849117279
L15.gate_proj,gate_proj,64,halve,counter,0.0010099515784531832,0.06580667942762375
L15.gate_proj,gate_proj,64,halve,bitrev,0.0009579643956385553,0.06409060955047607
L15.gate_proj,gate_proj,48,full,off,0.0031441261526197195,0.11611001938581467
L15.gate_proj,gate_proj,48,full,counter,0.001676848973147571,0.0847943052649498
L15.gate_proj,gate_proj,48,full,bitrev,0.0016245514852926135,0.08346156030893326
L15.gate_proj,gate_proj,48,halve,off,0.0028965058736503124,0.11144407093524933
L15.gate_proj,gate_proj,48,halve,counter,0.0016727165784686804,0.08468976616859436
L15.gate_proj,gate_proj,48,halve,bitrev,0.0015847008908167481,0.08243153244256973
L15.gate_proj,gate_proj,32,full,off,0.009029502980411053,0.1967667192220688
L15.gate_proj,gate_proj,32,full,counter,0.0034856614656746387,0.12225378304719925
L15.gate_proj,gate_proj,32,full,bitrev,0.003304757410660386,0.11903906613588333
L15.gate_proj,gate_proj,32,halve,off,0.008439731784164906,0.19023220241069794
L15.gate_proj,gate_proj,32,halve,counter,0.003484177403151989,0.1222277581691742
L15.gate_proj,gate_proj,32,halve,bitrev,0.0032421404030174017,0.11790592223405838
L15.gate_proj,gate_proj,16,full,off,0.04189634695649147,0.42384570837020874
L15.gate_proj,gate_proj,16,full,counter,0.011733111925423145,0.22429847717285156
L15.gate_proj,gate_proj,16,full,bitrev,0.010449756868183613,0.21167656779289246
L15.gate_proj,gate_proj,16,halve,off,0.04083140939474106,0.4184243083000183
L15.gate_proj,gate_proj,16,halve,counter,0.01173508632928133,0.22431734204292297
L15.gate_proj,gate_proj,16,halve,bitrev,0.010311771184206009,0.21027439832687378
L15.k_proj,k_proj,256,full,off,0.001679657376371324,0.024150999262928963
L15.k_proj,k_proj,256,full,counter,0.001679657376371324,0.024150999262928963
L15.k_proj,k_proj,256,full,bitrev,0.001679657376371324,0.024150999262928963
L15.k_proj,k_proj,256,halve,off,0.0014538686955347657,0.022469185292720795
L15.k_proj,k_proj,256,halve,counter,0.0012360481778159738,0.020717743784189224
L15.k_proj,k_proj,256,halve,bitrev,0.00122554088011384,0.02062949724495411
L15.k_proj,k_proj,192,full,off,0.0027990175876766443,0.03117651306092739
L15.k_proj,k_proj,192,full,counter,0.002246234565973282,0.027928801253437996
L15.k_proj,k_proj,192,full,bitrev,0.0021903340239077806,0.027579087764024734
L15.k_proj,k_proj,192,halve,off,0.002525964519008994,0.029616814106702805
L15.k_proj,k_proj,192,halve,counter,0.0022671869955956936,0.02805875428020954
L15.k_proj,k_proj,192,halve,bitrev,0.0021428384352475405,0.027278432622551918
L15.k_proj,k_proj,128,full,off,0.007613068446516991,0.05141674354672432
L15.k_proj,k_proj,128,full,counter,0.0045537338592112064,0.03976568952202797
L15.k_proj,k_proj,128,full,bitrev,0.004179439507424831,0.03809638321399689
L15.k_proj,k_proj,128,halve,off,0.006641823798418045,0.048025112599134445
L15.k_proj,k_proj,128,halve,counter,0.00452466169372201,0.03963855281472206
L15.k_proj,k_proj,128,halve,bitrev,0.0040111481212079525,0.03732149675488472
L15.k_proj,k_proj,96,full,off,0.013154569081962109,0.0675869807600975
L15.k_proj,k_proj,96,full,counter,0.007402156479656696,0.050699520856142044
L15.k_proj,k_proj,96,full,bitrev,0.006883930880576372,0.04889257997274399
L15.k_proj,k_proj,96,halve,off,0.012033965438604355,0.06464412808418274
L15.k_proj,k_proj,96,halve,counter,0.007384696044027805,0.05063968896865845
L15.k_proj,k_proj,96,halve,bitrev,0.006775413639843464,0.04850568622350693
L15.k_proj,k_proj,64,full,off,0.039366960525512695,0.11692050844430923
L15.k_proj,k_proj,64,full,counter,0.015451280400156975,0.07324988394975662
L15.k_proj,k_proj,64,full,bitrev,0.014056936837732792,0.06986667215824127
L15.k_proj,k_proj,64,halve,off,0.03650897741317749,0.11259641498327255
L15.k_proj,k_proj,64,halve,counter,0.015499837696552277,0.07336489111185074
L15.k_proj,k_proj,64,halve,bitrev,0.013932066038250923,0.06955566257238388
L15.k_proj,k_proj,48,full,off,0.06695214658975601,0.1524779200553894
L15.k_proj,k_proj,48,full,counter,0.025969067588448524,0.09496267139911652
L15.k_proj,k_proj,48,full,bitrev,0.023773781955242157,0.09086023271083832
L15.k_proj,k_proj,48,halve,off,0.0638817623257637,0.14894062280654907
L15.k_proj,k_proj,48,halve,counter,0.025972779840230942,0.09496945142745972
L15.k_proj,k_proj,48,halve,bitrev,0.023629439994692802,0.09058398753404617
L15.k_proj,k_proj,32,full,off,0.19296994805335999,0.25886276364326477
L15.k_proj,k_proj,32,full,counter,0.0523035004734993,0.1347690224647522
L15.k_proj,k_proj,32,full,bitrev,0.04638739302754402,0.12691844999790192
L15.k_proj,k_proj,32,halve,off,0.18640035390853882,0.25441813468933105
L15.k_proj,k_proj,32,halve,counter,0.05221351608633995,0.13465304672718048
L15.k_proj,k_proj,32,halve,bitrev,0.04607032239437103,0.12648393213748932
L15.k_proj,k_proj,16,full,off,0.9252905249595642,0.5668442845344543
L15.k_proj,k_proj,16,full,counter,0.18962009251117706,0.2566060423851013
L15.k_proj,k_proj,16,full,bitrev,0.13645604252815247,0.21768128871917725
L15.k_proj,k_proj,16,halve,off,0.9132768511772156,0.5631524324417114
L15.k_proj,k_proj,16,halve,counter,0.18872423470020294,0.2559991776943207
L15.k_proj,k_proj,16,halve,bitrev,0.13506615161895752,0.21656984090805054
L15.o_proj,o_proj,256,full,off,2.2780934614274884e-06,0.04611475020647049
L15.o_proj,o_proj,256,full,counter,2.2780934614274884e-06,0.04611475020647049
L15.o_proj,o_proj,256,full,bitrev,2.2780934614274884e-06,0.04611475020647049
L15.o_proj,o_proj,256,halve,off,2.12630561691185e-06,0.04455197602510452
L15.o_proj,o_proj,256,halve,counter,1.762807755767426e-06,0.040565479546785355
L15.o_proj,o_proj,256,halve,bitrev,1.7331395838482422e-06,0.04022267088294029
L15.o_proj,o_proj,192,full,off,3.8681382648064755e-06,0.060090404003858566
L15.o_proj,o_proj,192,full,counter,3.2402415399701567e-06,0.054997481405735016
L15.o_proj,o_proj,192,full,bitrev,3.2345046747650485e-06,0.054948776960372925
L15.o_proj,o_proj,192,halve,off,3.672621005534893e-06,0.05855206027626991
L15.o_proj,o_proj,192,halve,counter,3.248939947297913e-06,0.05507125332951546
L15.o_proj,o_proj,192,halve,bitrev,3.1406218568008626e-06,0.0541454441845417
L15.o_proj,o_proj,128,full,off,9.802213753573596e-06,0.0956568792462349
L15.o_proj,o_proj,128,full,counter,6.303283043962438e-06,0.07670745253562927
L15.o_proj,o_proj,128,full,bitrev,6.135916464700131e-06,0.07568221539258957
L15.o_proj,o_proj,128,halve,off,8.968066140369046e-06,0.0914962962269783
L15.o_proj,o_proj,128,halve,counter,6.232660325622419e-06,0.0762765184044838
L15.o_proj,o_proj,128,halve,bitrev,5.792785032099346e-06,0.07353563606739044
L15.o_proj,o_proj,96,full,off,1.7227217540494166e-05,0.1268123835325241
L15.o_proj,o_proj,96,full,counter,1.061640250554774e-05,0.09955035150051117
L15.o_proj,o_proj,96,full,bitrev,1.0190439752477687e-05,0.09753277897834778
L15.o_proj,o_proj,96,halve,off,1.6307205441989936e-05,0.12337975203990936
L15.o_proj,o_proj,96,halve,counter,1.0508028935873881e-05,0.09904094785451889
L15.o_proj,o_proj,96,halve,bitrev,9.897463314700872e-06,0.09612051397562027
L15.o_proj,o_proj,64,full,off,4.61278177681379e-05,0.20750835537910461
L15.o_proj,o_proj,64,full,counter,2.221119575551711e-05,0.1439925730228424
L15.o_proj,o_proj,64,full,bitrev,1.9835539205814712e-05,0.13607430458068848
L15.o_proj,o_proj,64,halve,off,4.4071395677747205e-05,0.20283016562461853
L15.o_proj,o_proj,64,halve,counter,2.211027458542958e-05,0.14366506040096283
L15.o_proj,o_proj,64,halve,bitrev,1.9690240151248872e-05,0.13557499647140503
L15.o_proj,o_proj,48,full,off,8.231548417825252e-05,0.2772010862827301
L15.o_proj,o_proj,48,full,counter,3.659195135696791e-05,0.18481913208961487
L15.o_proj,o_proj,48,full,bitrev,3.222340819775127e-05,0.173436239361763
L15.o_proj,o_proj,48,halve,off,7.956052286317572e-05,0.27252286672592163
L15.o_proj,o_proj,48,halve,counter,3.657725392258726e-05,0.1847819983959198
L15.o_proj,o_proj,48,halve,bitrev,3.209210990462452e-05,0.17308254539966583
L15.o_proj,o_proj,32,full,off,0.00021570257376879454,0.4487265646457672
L15.o_proj,o_proj,32,full,counter,7.254071533679962e-05,0.2602226138114929
L15.o_proj,o_proj,32,full,bitrev,6.19113416178152e-05,0.24040263891220093
L15.o_proj,o_proj,32,halve,off,0.0002098087570630014,0.44255363941192627
L15.o_proj,o_proj,32,halve,counter,7.287587504833937e-05,0.2608231008052826
L15.o_proj,o_proj,32,halve,bitrev,6.153220601845533e-05,0.23966540396213531
L15.o_proj,o_proj,16,full,off,0.0009890601504594088,0.9608718752861023
L15.o_proj,o_proj,16,full,counter,0.0002322541840840131,0.4656245708465576
L15.o_proj,o_proj,16,full,bitrev,0.00018709938740357757,0.41791725158691406
L15.o_proj,o_proj,16,halve,off,0.0009724973351694643,0.9527924656867981
L15.o_proj,o_proj,16,halve,counter,0.00023258078726939857,0.4659518599510193
L15.o_proj,o_proj,16,halve,bitrev,0.00018642489158082753,0.41716328263282776
L15.q_proj,q_proj,256,full,off,0.0007627534796483815,0.027348311617970467
L15.q_proj,q_proj,256,full,counter,0.0007627534796483815,0.027348311617970467
L15.q_proj,q_proj,256,full,bitrev,0.0007627534796483815,0.027348311617970467
L15.q_proj,q_proj,256,halve,off,0.0006796377128921449,0.025815296918153763
L15.q_proj,q_proj,256,halve,counter,0.0006012195372022688,0.024280350655317307
L15.q_proj,q_proj,256,halve,bitrev,0.0005888519226573408,0.0240293201059103
L15.q_proj,q_proj,192,full,off,0.0012999039608985186,0.03570212423801422
L15.q_proj,q_proj,192,full,counter,0.001102979644201696,0.03288684040307999
L15.q_proj,q_proj,192,full,bitrev,0.0010721797589212656,0.03242442011833191
L15.q_proj,q_proj,192,halve,off,0.001209005480632186,0.03443123400211334
L15.q_proj,q_proj,192,halve,counter,0.0011032602051272988,0.03289102390408516
L15.q_proj,q_proj,192,halve,bitrev,0.0010563040850684047,0.03218347206711769
L15.q_proj,q_proj,128,full,off,0.003391697071492672,0.05766960233449936
L15.q_proj,q_proj,128,full,counter,0.002170796738937497,0.04613685980439186
L15.q_proj,q_proj,128,full,bitrev,0.002008386654779315,0.04437742382287979
L15.q_proj,q_proj,128,halve,off,0.003027100581675768,0.05448184907436371
L15.q_proj,q_proj,128,halve,counter,0.0021418153773993254,0.04582784324884415
L15.q_proj,q_proj,128,halve,bitrev,0.0019280981505289674,0.04348134621977806
L15.q_proj,q_proj,96,full,off,0.005836294032633305,0.07564965635538101
L15.q_proj,q_proj,96,full,counter,0.0036513919476419687,0.059836696833372116
L15.q_proj,q_proj,96,full,bitrev,0.003437943058088422,0.05806143209338188
L15.q_proj,q_proj,96,halve,off,0.00542730325832963,0.07295086979866028
L15.q_proj,q_proj,96,halve,counter,0.0036435581278055906,0.05977248027920723
L15.q_proj,q_proj,96,halve,bitrev,0.0033706927206367254,0.0574907511472702
L15.q_proj,q_proj,64,full,off,0.017428159713745117,0.1307266652584076
L15.q_proj,q_proj,64,full,counter,0.007503454573452473,0.08577664941549301
L15.q_proj,q_proj,64,full,bitrev,0.006761525757610798,0.08142556995153427
L15.q_proj,q_proj,64,halve,off,0.016425222158432007,0.12690947949886322
L15.q_proj,q_proj,64,halve,counter,0.0075007290579378605,0.08576106280088425
L15.q_proj,q_proj,64,halve,bitrev,0.006639441940933466,0.08068712055683136
L15.q_proj,q_proj,48,full,off,0.029610030353069305,0.1703953891992569
L15.q_proj,q_proj,48,full,counter,0.01245222706347704,0.11049991101026535
L15.q_proj,q_proj,48,full,bitrev,0.011645915918052197,0.10686247795820236
L15.q_proj,q_proj,48,halve,off,0.02861356921494007,0.1675037145614624
L15.q_proj,q_proj,48,halve,counter,0.012452708557248116,0.11050204187631607
L15.q_proj,q_proj,48,halve,bitrev,0.011529742740094662,0.10632814466953278
L15.q_proj,q_proj,32,full,off,0.08368013799190521,0.28645050525665283
L15.q_proj,q_proj,32,full,counter,0.02505485527217388,0.15674163401126862
L15.q_proj,q_proj,32,full,bitrev,0.021901369094848633,0.14654603600502014
L15.q_proj,q_proj,32,halve,off,0.08140098303556442,0.28252261877059937
L15.q_proj,q_proj,32,halve,counter,0.024968411773443222,0.15647101402282715
L15.q_proj,q_proj,32,halve,bitrev,0.02186022512614727,0.1464083045721054
L15.q_proj,q_proj,16,full,off,0.40293049812316895,0.6285697221755981
L15.q_proj,q_proj,16,full,counter,0.08853811770677567,0.29464805126190186
L15.q_proj,q_proj,16,full,bitrev,0.06636121869087219,0.25509124994277954
L15.q_proj,q_proj,16,halve,off,0.39830565452575684,0.624951958656311
L15.q_proj,q_proj,16,halve,counter,0.08816678822040558,0.2940295338630676
L15.q_proj,q_proj,16,halve,bitrev,0.06594450771808624,0.25428909063339233
L15.up_proj,up_proj,256,full,off,6.012703670421615e-05,0.03208358958363533
L15.up_proj,up_proj,256,full,counter,6.012703670421615e-05,0.03208358958363533
L15.up_proj,up_proj,256,full,bitrev,6.012703670421615e-05,0.03208358958363533
L15.up_proj,up_proj,256,halve,off,5.271697955322452e-05,0.030041614547371864
L15.up_proj,up_proj,256,halve,counter,5.386371412896551e-05,0.030366599559783936
L15.up_proj,up_proj,256,halve,bitrev,5.414742190623656e-05,0.03044646792113781
L15.up_proj,up_proj,192,full,off,0.00010131771705346182,0.04164767265319824
L15.up_proj,up_proj,192,full,counter,9.950670209946111e-05,0.041273776441812515
L15.up_proj,up_proj,192,full,bitrev,9.654031600803137e-05,0.04065391421318054
L15.up_proj,up_proj,192,halve,off,9.336946095572785e-05,0.039980705827474594
L15.up_proj,up_proj,192,halve,counter,9.897463314700872e-05,0.041163280606269836
L15.up_proj,up_proj,192,halve,bitrev,9.473063255427405e-05,0.040271077305078506
L15.up_proj,up_proj,128,full,off,0.00025039020692929626,0.06547216325998306
L15.up_proj,up_proj,128,full,counter,0.00019456606241874397,0.05771405249834061
L15.up_proj,up_proj,128,full,bitrev,0.00018928224744740874,0.05692499130964279
L15.up_proj,up_proj,128,halve,off,0.00021259252389427274,0.06032842770218849
L15.up_proj,up_proj,128,halve,counter,0.00019047618843615055,0.057104241102933884
L15.up_proj,up_proj,128,halve,bitrev,0.0001802616025088355,0.05555199459195137
L15.up_proj,up_proj,96,full,off,0.0004071715520694852,0.08349043130874634
L15.up_proj,up_proj,96,full,counter,0.00033180785248987377,0.07536875456571579
L15.up_proj,up_proj,96,full,bitrev,0.0003167435643263161,0.07363799214363098
L15.up_proj,up_proj,96,halve,off,0.00036860708496533334,0.07943828403949738
L15.up_proj,up_proj,96,halve,counter,0.0003265476261731237,0.07476895302534103
L15.up_proj,up_proj,96,halve,bitrev,0.00030682841315865517,0.07247626781463623
L15.up_proj,up_proj,64,full,off,0.0011653915280476213,0.14124853909015656
L15.up_proj,up_proj,64,full,counter,0.0006879089050926268,0.10852093249559402
L15.up_proj,up_proj,64,full,bitrev,0.0006559561588801444,0.10597061365842819
L15.up_proj,up_proj,64,halve,off,0.0010624623391777277,0.13486671447753906
L15.up_proj,up_proj,64,halve,counter,0.0006807006429880857,0.107950858771801
L15.up_proj,up_proj,64,halve,bitrev,0.0006426117033697665,0.10488716512918472
L15.up_proj,up_proj,48,full,off,0.001927481614984572,0.18165323138237
L15.up_proj,up_proj,48,full,counter,0.0011388817802071571,0.13963277637958527
L15.up_proj,up_proj,48,full,bitrev,0.0010777567513287067,0.1358339786529541
L15.up_proj,up_proj,48,halve,off,0.0018142943736165762,0.17623895406723022
L15.up_proj,up_proj,48,halve,counter,0.0011334377340972424,0.13929863274097443
L15.up_proj,up_proj,48,halve,bitrev,0.001063173171132803,0.13491183519363403
L15.up_proj,up_proj,32,full,off,0.005340730771422386,0.30237671732902527
L15.up_proj,up_proj,32,full,counter,0.0023549729958176613,0.20078949630260468
L15.up_proj,up_proj,32,full,bitrev,0.002179659204557538,0.1931711882352829
L15.up_proj,up_proj,32,halve,off,0.005091912113130093,0.29524901509284973
L15.up_proj,up_proj,32,halve,counter,0.0023460863158106804,0.20041029155254364
L15.up_proj,up_proj,32,halve,bitrev,0.0021560301538556814,0.19212126731872559
L15.up_proj,up_proj,16,full,off,0.024678954854607582,0.6499970555305481
L15.up_proj,up_proj,16,full,counter,0.007913125678896904,0.36806291341781616
L15.up_proj,up_proj,16,full,bitrev,0.007130979560315609,0.34939977526664734
L15.up_proj,up_proj,16,halve,off,0.02425827644765377,0.644433319568634
L15.up_proj,up_proj,16,halve,counter,0.007887016050517559,0.3674551546573639
L15.up_proj,up_proj,16,halve,bitrev,0.007066827733069658,0.3478246033191681
L15.v_proj,v_proj,256,full,off,0.00022152173914946616,0.060740839689970016
L15.v_proj,v_proj,256,full,counter,0.00022152173914946616,0.060740839689970016
L15.v_proj,v_proj,256,full,bitrev,0.00022152173914946616,0.060740839689970016
L15.v_proj,v_proj,256,halve,off,0.0002043894346570596,0.0583447590470314
L15.v_proj,v_proj,256,halve,counter,0.00016652890190016478,0.052664436399936676
L15.v_proj,v_proj,256,halve,bitrev,0.00017287948867306113,0.05365921929478645
L15.v_proj,v_proj,192,full,off,0.0003861621953547001,0.08019687980413437
L15.v_proj,v_proj,192,full,counter,0.00032250190270133317,0.07328899949789047
L15.v_proj,v_proj,192,full,bitrev,0.0003096077125519514,0.07180893421173096
L15.v_proj,v_proj,192,halve,off,0.00036617740988731384,0.07809413969516754
L15.v_proj,v_proj,192,halve,counter,0.00032031486625783145,0.07304006814956665
L15.v_proj,v_proj,192,halve,bitrev,0.00030912310467101634,0.07175271958112717
L15.v_proj,v_proj,128,full,off,0.0009798675309866667,0.12774865329265594
L15.v_proj,v_proj,128,full,counter,0.0006323585985228419,0.1026252806186676
L15.v_proj,v_proj,128,full,bitrev,0.0005912682390771806,0.09923500567674637
L15.v_proj,v_proj,128,halve,off,0.0009213293669745326,0.12387397885322571
L15.v_proj,v_proj,128,halve,counter,0.0006310944445431232,0.10252264887094498
L15.v_proj,v_proj,128,halve,bitrev,0.0005845087580382824,0.09866613894701004
L15.v_proj,v_proj,96,full,off,0.0017094601644203067,0.16873382031917572
L15.v_proj,v_proj,96,full,counter,0.001041119103319943,0.1316809058189392
L15.v_proj,v_proj,96,full,bitrev,0.0009870539652183652,0.12821625173091888
L15.v_proj,v_proj,96,halve,off,0.0016475741285830736,0.16565141081809998
L15.v_proj,v_proj,96,halve,counter,0.0010400785831734538,0.13161508738994598
L15.v_proj,v_proj,96,halve,bitrev,0.000988696818239987,0.12832289934158325
L15.v_proj,v_proj,64,full,off,0.0048943692818284035,0.28550976514816284
L15.v_proj,v_proj,64,full,counter,0.0021475886460393667,0.18912465870380402
L15.v_proj,v_proj,64,full,bitrev,0.0019731184002012014,0.181279718875885
L15.v_proj,v_proj,64,halve,off,0.004740441218018532,0.2809842824935913
L15.v_proj,v_proj,64,halve,counter,0.0021388940513134003,0.18874144554138184
L15.v_proj,v_proj,64,halve,bitrev,0.0019843722693622112,0.18179593980312347
L15.v_proj,v_proj,48,full,off,0.008746298030018806,0.3816671073436737
L15.v_proj,v_proj,48,full,counter,0.003583545098081231,0.2443031519651413
L15.v_proj,v_proj,48,full,bitrev,0.00332345231436193,0.2352704256772995
L15.v_proj,v_proj,48,halve,off,0.008584416471421719,0.3781185746192932
L15.v_proj,v_proj,48,halve,counter,0.0036035708617419004,0.24498480558395386
L15.v_proj,v_proj,48,halve,bitrev,0.0033479330595582724,0.2361353486776352
L15.v_proj,v_proj,32,full,off,0.023610686883330345,0.62708580493927
L15.v_proj,v_proj,32,full,counter,0.007369323167949915,0.35033732652664185
L15.v_proj,v_proj,32,full,bitrev,0.006464770529419184,0.3281324505805969
L15.v_proj,v_proj,32,halve,off,0.023344572633504868,0.6235418319702148
L15.v_proj,v_proj,32,halve,counter,0.007392294239252806,0.3508829176425934
L15.v_proj,v_proj,32,halve,bitrev,0.006488251965492964,0.3287278413772583
L15.v_proj,v_proj,16,full,off,0.11296609789133072,1.371660590171814
L15.v_proj,v_proj,16,full,counter,0.025467772036790848,0.6512805819511414
L15.v_proj,v_proj,16,full,bitrev,0.0196754802018404,0.5724469423294067
L15.v_proj,v_proj,16,halve,off,0.11245273053646088,1.3685404062271118
L15.v_proj,v_proj,16,halve,counter,0.02542257495224476,0.6507023572921753
L15.v_proj,v_proj,16,halve,bitrev,0.01953771524131298,0.5704393982887268
L31.down_proj,down_proj,256,full,off,0.002489774953573942,0.02023794874548912
L31.down_proj,down_proj,256,full,counter,0.002489774953573942,0.02023794874548912
L31.down_proj,down_proj,256,full,bitrev,0.002489774953573942,0.02023794874548912
L31.down_proj,down_proj,256,halve,off,0.002312382683157921,0.019503667950630188
L31.down_proj,down_proj,256,halve,counter,0.0010450487025082111,0.013111570850014687
L31.down_proj,down_proj,256,halve,bitrev,0.0010718298144638538,0.013278511352837086
L31.down_proj,down_proj,192,full,off,0.004311429802328348,0.026631593704223633
L31.down_proj,down_proj,192,full,counter,0.0017922159750014544,0.01717044785618782
L31.down_proj,down_proj,192,full,bitrev,0.0018066342454403639,0.01723937876522541
L31.down_proj,down_proj,192,halve,off,0.004023309797048569,0.025726351886987686
L31.down_proj,down_proj,192,halve,counter,0.0018125842325389385,0.0172677431255579
L31.down_proj,down_proj,192,halve,bitrev,0.00183323142118752,0.01736581325531006
L31.down_proj,down_proj,128,full,off,0.012375004589557648,0.045118968933820724
L31.down_proj,down_proj,128,full,counter,0.0035356972366571426,0.024117039516568184
L31.down_proj,down_proj,128,full,bitrev,0.002997784875333309,0.022206837311387062
L31.down_proj,down_proj,128,halve,off,0.011527997441589832,0.04354751855134964
L31.down_proj,down_proj,128,halve,counter,0.003512219525873661,0.024036837741732597
L31.down_proj,down_proj,128,halve,bitrev,0.002947864355519414,0.022021163254976273
L31.down_proj,down_proj,96,full,off,0.02410552278161049,0.06297160685062408
L31.down_proj,down_proj,96,full,counter,0.005833927541971207,0.030978970229625702
L31.down_proj,down_proj,96,full,bitrev,0.004949288442730904,0.028533684089779854
L31.down_proj,down_proj,96,halve,off,0.022958146408200264,0.061454664915800095
L31.down_proj,down_proj,96,halve,counter,0.00580763490870595,0.030909083783626556
L31.down_proj,down_proj,96,halve,bitrev,0.004916104022413492,0.028437867760658264
L31.down_proj,down_proj,64,full,off,0.06960465013980865,0.10700537264347076
L31.down_proj,down_proj,64,full,counter,0.011744111776351929,0.04395381361246109
L31.down_proj,down_proj,64,full,bitrev,0.009045654907822609,0.03857504948973656
L31.down_proj,down_proj,64,halve,off,0.06729711592197418,0.10521670430898666
L31.down_proj,down_proj,64,halve,counter,0.011666261591017246,0.04380789026618004
L31.down_proj,down_proj,64,halve,bitrev,0.009008465334773064,0.03849567100405693
L31.down_proj,down_proj,48,full,off,0.1306031346321106,0.1465761512517929
L31.down_proj,down_proj,48,full,counter,0.019085010513663292,0.05603155493736267
L31.down_proj,down_proj,48,full,bitrev,0.013969668187201023,0.04793795570731163
L31.down_proj,down_proj,48,halve,off,0.12771543860435486,0.1449466496706009
L31.down_proj,down_proj,48,halve,counter,0.018984660506248474,0.05588405206799507
L31.down_proj,down_proj,48,halve,bitrev,0.01394579652696848,0.04789698123931885
L31.down_proj,down_proj,32,full,off,0.35269665718078613,0.24087245762348175
L31.down_proj,down_proj,32,full,counter,0.038904137909412384,0.07999896258115768
L31.down_proj,down_proj,32,full,bitrev,0.024970361962914467,0.0640912801027298
L31.down_proj,down_proj,32,halve,off,0.3471696078777313,0.23897767066955566
L31.down_proj,down_proj,32,halve,counter,0.038697611540555954,0.07978634536266327
L31.down_proj,down_proj,32,halve,bitrev,0.024816598743200302,0.0638936385512352
L31.down_proj,down_proj,16,full,off,1.664141058921814,0.5232166051864624
L31.down_proj,down_proj,16,full,counter,0.12407828122377396,0.1428677886724472
L31.down_proj,down_proj,16,full,bitrev,0.07197154313325882,0.10880952328443527
L31.down_proj,down_proj,16,halve,off,1.6531258821487427,0.5214821696281433
L31.down_proj,down_proj,16,halve,counter,0.12356239557266235,0.14257048070430756
L31.down_proj,down_proj,16,halve,bitrev,0.07105153799057007,0.10811182856559753
L31.gate_proj,gate_proj,256,full,off,0.0001709986972855404,0.01184703316539526
L31.gate_proj,gate_proj,256,full,counter,0.0001709986972855404,0.01184703316539526
L31.gate_proj,gate_proj,256,full,bitrev,0.0001709986972855404,0.01184703316539526
L31.gate_proj,gate_proj,256,halve,off,0.00012062386667821556,0.009950154460966587
L31.gate_proj,gate_proj,256,halve,counter,0.0001237140386365354,0.010076801292598248
L31.gate_proj,gate_proj,256,halve,bitrev,0.0001221347483806312,0.010012275539338589
L31.gate_proj,gate_proj,192,full,off,0.0002790447324514389,0.01513387355953455
L31.gate_proj,gate_proj,192,full,counter,0.00018116111459676176,0.012193985283374786
L31.gate_proj,gate_proj,192,full,bitrev,0.0002271220728289336,0.013653464615345001
L31.gate_proj,gate_proj,192,halve,off,0.00019858611631207168,0.012766963802278042
L31.gate_proj,gate_proj,192,halve,counter,0.00019434963178355247,0.012630049139261246
L31.gate_proj,gate_proj,192,halve,bitrev,0.00018812406051438302,0.01242611464112997
L31.gate_proj,gate_proj,128,full,off,0.0009609173866920173,0.02808382362127304
L31.gate_proj,gate_proj,128,full,counter,0.00038157158996909857,0.017697064206004143
L31.gate_proj,gate_proj,128,full,bitrev,0.0004994490300305188,0.02024691179394722
L31.gate_proj,gate_proj,128,halve,off,0.0004587752337101847,0.019404979422688484
L31.gate_proj,gate_proj,128,halve,counter,0.00037874229019507766,0.017631329596042633
L31.gate_proj,gate_proj,128,halve,bitrev,0.000338775193085894,0.01667512021958828
L31.gate_proj,gate_proj,96,full,off,0.001465724315494299,0.034684810787439346
L31.gate_proj,gate_proj,96,full,counter,0.0006190747953951359,0.022541599348187447
L31.gate_proj,gate_proj,96,full,bitrev,0.0007312923553399742,0.02449958398938179
L31.gate_proj,gate_proj,96,halve,off,0.0008250055252574384,0.026022056117653847
L31.gate_proj,gate_proj,96,halve,counter,0.0006289011798799038,0.022719794884324074
L31.gate_proj,gate_proj,96,halve,bitrev,0.0005577332922257483,0.021395700052380562
L31.gate_proj,gate_proj,64,full,off,0.004807951860129833,0.06281932443380356
L31.gate_proj,gate_proj,64,full,counter,0.0012803595745936036,0.03241747245192528
L31.gate_proj,gate_proj,64,full,bitrev,0.0013005383079871535,0.03267192840576172
L31.gate_proj,gate_proj,64,halve,off,0.0031712751369923353,0.051018789410591125
L31.gate_proj,gate_proj,64,halve,counter,0.0012994661228731275,0.03265845775604248
L31.gate_proj,gate_proj,64,halve,bitrev,0.0011644202750176191,0.0309149157255888
L31.gate_proj,gate_proj,48,full,off,0.0068761687725782394,0.07512534409761429
L31.gate_proj,gate_proj,48,full,counter,0.0020761843770742416,0.04128061607480049
L31.gate_proj,gate_proj,48,full,bitrev,0.0020151138305664062,0.04066895321011543
L31.gate_proj,gate_proj,48,halve,off,0.005019188392907381,0.06418447196483612
L31.gate_proj,gate_proj,48,halve,counter,0.0020907262805849314,0.04142493009567261
L31.gate_proj,gate_proj,48,halve,bitrev,0.0019122041994705796,0.03961688280105591
L31.gate_proj,gate_proj,32,full,off,0.021538658067584038,0.1329604685306549
L31.gate_proj,gate_proj,32,full,counter,0.004269288387149572,0.059195805341005325
L31.gate_proj,gate_proj,32,full,bitrev,0.004062896128743887,0.057747215032577515
L31.gate_proj,gate_proj,32,halve,off,0.01787407696247101,0.12112254649400711
L31.gate_proj,gate_proj,32,halve,counter,0.0042569758370518684,0.059110380709171295
L31.gate_proj,gate_proj,32,halve,bitrev,0.0038650056812912226,0.05632331967353821
L31.gate_proj,gate_proj,16,full,off,0.0940280482172966,0.27780619263648987
L31.gate_proj,gate_proj,16,full,counter,0.014617441222071648,0.10953398048877716
L31.gate_proj,gate_proj,16,full,bitrev,0.0134339714422822,0.10500631481409073
L31.gate_proj,gate_proj,16,halve,off,0.08618226647377014,0.2659635543823242
L31.gate_proj,gate_proj,16,halve,counter,0.014585036784410477,0.10941250622272491
L31.gate_proj,gate_proj,16,halve,bitrev,0.012958422303199768,0.103131003677845
L31.k_proj,k_proj,256,full,off,0.0010104343527927995,0.017353789880871773
L31.k_proj,k_proj,256,full,counter,0.0010104343527927995,0.017353789880871773
L31.k_proj,k_proj,256,full,bitrev,0.0010104343527927995,0.017353789880871773
L31.k_proj,k_proj,256,halve,off,0.0005986382602714002,0.013357417657971382
L31.k_proj,k_proj,256,halve,counter,0.0007291322690434754,0.014741558581590652
L31.k_proj,k_proj,256,halve,bitrev,0.0007333140820264816,0.014783773571252823
L31.k_proj,k_proj,192,full,off,0.0017366199754178524,0.02275059185922146
L31.k_proj,k_proj,192,full,counter,0.0010482389479875565,0.017675448209047318
L31.k_proj,k_proj,192,full,bitrev,0.00106512859929353,0.01781727559864521
L31.k_proj,k_proj,192,halve,off,0.0011085367295891047,0.018176712095737457
L31.k_proj,k_proj,192,halve,counter,0.001173596829175949,0.01870250329375267
L31.k_proj,k_proj,192,halve,bitrev,0.0011171315563842654,0.01824703998863697
L31.k_proj,k_proj,128,full,off,0.006029414478689432,0.04239140823483467
L31.k_proj,k_proj,128,full,counter,0.0021328697912395,0.025212878361344337
L31.k_proj,k_proj,128,full,bitrev,0.002173325279727578,0.025450868532061577
L31.k_proj,k_proj,128,halve,off,0.0035452984739094973,0.03250623494386673
L31.k_proj,k_proj,128,halve,counter,0.002277074148878455,0.026051266118884087
L31.k_proj,k_proj,128,halve,bitrev,0.0020145736634731293,0.024503709748387337
L31.k_proj,k_proj,96,full,off,0.009192380122840405,0.052342478185892105
L31.k_proj,k_proj,96,full,counter,0.003622200805693865,0.03285689651966095
L31.k_proj,k_proj,96,full,bitrev,0.003366036107763648,0.03167376294732094
L31.k_proj,k_proj,96,halve,off,0.006195635534822941,0.042971763759851456
L31.k_proj,k_proj,96,halve,counter,0.0037777023389935493,0.03355475887656212
L31.k_proj,k_proj,96,halve,bitrev,0.003376946086063981,0.03172504901885986
L31.k_proj,k_proj,64,full,off,0.03361701965332031,0.10009672492742538
L31.k_proj,k_proj,64,full,counter,0.00729299196973443,0.04662223905324936
L31.k_proj,k_proj,64,full,bitrev,0.006919819861650467,0.0454137809574604
L31.k_proj,k_proj,64,halve,off,0.025893835350871086,0.08784933388233185
L31.k_proj,k_proj,64,halve,counter,0.007398497313261032,0.04695826396346092
L31.k_proj,k_proj,64,halve,bitrev,0.00675055431202054,0.04485490918159485
L31.k_proj,k_proj,48,full,off,0.05122418701648712,0.12355997413396835
L31.k_proj,k_proj,48,full,counter,0.01208918634802103,0.06002591922879219
L31.k_proj,k_proj,48,full,bitrev,0.011234337463974953,0.05786474049091339
L31.k_proj,k_proj,48,halve,off,0.04203294962644577,0.1119270920753479
L31.k_proj,k_proj,48,halve,counter,0.012181171216070652,0.06025385111570358
L31.k_proj,k_proj,48,halve,bitrev,0.011079940013587475,0.05746573209762573
L31.k_proj,k_proj,32,full,off,0.16660091280937195,0.22283270955085754
L31.k_proj,k_proj,32,full,counter,0.023856187239289284,0.08432197570800781
L31.k_proj,k_proj,32,full,bitrev,0.022936582565307617,0.08268079906702042
L31.k_proj,k_proj,32,halve,off,0.14781104028224945,0.2098909616470337
L31.k_proj,k_proj,32,halve,counter,0.024001020938158035,0.08457755297422409
L31.k_proj,k_proj,32,halve,bitrev,0.022370612248778343,0.08165432512760162
L31.k_proj,k_proj,16,full,off,0.8045516610145569,0.4896854758262634
L31.k_proj,k_proj,16,full,counter,0.08134900033473969,0.15570996701717377
L31.k_proj,k_proj,16,full,bitrev,0.06983400881290436,0.14426922798156738
L31.k_proj,k_proj,16,halve,off,0.7647221684455872,0.4774106740951538
L31.k_proj,k_proj,16,halve,counter,0.08101587742567062,0.15539079904556274
L31.k_proj,k_proj,16,halve,bitrev,0.06834080815315247,0.14271852374076843
L31.o_proj,o_proj,256,full,off,3.255514820921235e-05,0.025561410933732986
L31.o_proj,o_proj,256,full,counter,3.255514820921235e-05,0.025561410933732986
L31.o_proj,o_proj,256,full,bitrev,3.255514820921235e-05,0.025561410933732986
L31.o_proj,o_proj,256,halve,off,2.7011046768166125e-05,0.02328336425125599
L31.o_proj,o_proj,256,halve,counter,2.9093662305967882e-05,0.02416430041193962
L31.o_proj,o_proj,256,halve,bitrev,3.029377512575593e-05,0.02465764991939068
L31.o_proj,o_proj,192,full,off,5.5969187087612227e-05,0.03351579234004021
L31.o_proj,o_proj,192,full,counter,4.9529564421391115e-05,0.031528785824775696
L31.o_proj,o_proj,192,full,bitrev,5.191630407352932e-05,0.03227950632572174
L31.o_proj,o_proj,192,halve,off,4.903067747363821e-05,0.03136959671974182
L31.o_proj,o_proj,192,halve,counter,4.990339220967144e-05,0.03164754435420036
L31.o_proj,o_proj,192,halve,bitrev,5.121906360727735e-05,0.03206201270222664
L31.o_proj,o_proj,128,full,off,0.00014348505646921694,0.05366342142224312
L31.o_proj,o_proj,128,full,counter,0.00010151792230317369,0.04513842239975929
L31.o_proj,o_proj,128,full,bitrev,0.0001013186847558245,0.04509410634636879
L31.o_proj,o_proj,128,halve,off,0.00010530529834795743,0.045972712337970734
L31.o_proj,o_proj,128,halve,counter,9.66424704529345e-05,0.044041186571121216
L31.o_proj,o_proj,128,halve,bitrev,9.915502596413717e-05,0.04461001232266426
L31.o_proj,o_proj,96,full,off,0.00024349690647795796,0.06990717351436615
L31.o_proj,o_proj,96,full,counter,0.00018211673886980861,0.060457464307546616
L31.o_proj,o_proj,96,full,bitrev,0.00017281761392951012,0.05889372527599335
L31.o_proj,o_proj,96,halve,off,0.00019214724306948483,0.06210006773471832
L31.o_proj,o_proj,96,halve,counter,0.00017324496002402157,0.058966491371393204
L31.o_proj,o_proj,96,halve,bitrev,0.00016336767293978482,0.05726088210940361
L31.o_proj,o_proj,64,full,off,0.0006798566319048405,0.11681097745895386
L31.o_proj,o_proj,64,full,counter,0.00035514208138920367,0.08442597091197968
L31.o_proj,o_proj,64,full,bitrev,0.0003453335666563362,0.0832519382238388
L31.o_proj,o_proj,64,halve,off,0.0005688118981197476,0.10684625804424286
L31.o_proj,o_proj,64,halve,counter,0.0003539673634804785,0.08428622782230377
L31.o_proj,o_proj,64,halve,bitrev,0.0003388710902072489,0.08246928453445435
L31.o_proj,o_proj,48,full,off,0.0011033909395337105,0.14881259202957153
L31.o_proj,o_proj,48,full,counter,0.0005536631215363741,0.10541388392448425
L31.o_proj,o_proj,48,full,bitrev,0.0005631548701785505,0.10631363093852997
L31.o_proj,o_proj,48,halve,off,0.0009601564961485565,0.13881807029247284
L31.o_proj,o_proj,48,halve,counter,0.0005549823399633169,0.10553938895463943
L31.o_proj,o_proj,48,halve,bitrev,0.0005781594081781805,0.10772060602903366
L31.o_proj,o_proj,32,full,off,0.003075977088883519,0.24846576154232025
L31.o_proj,o_proj,32,full,counter,0.001197702600620687,0.15504205226898193
L31.o_proj,o_proj,32,full,bitrev,0.0011646888451650739,0.15289030969142914
L31.o_proj,o_proj,32,halve,off,0.0027999139856547117,0.2370540201663971
L31.o_proj,o_proj,32,halve,counter,0.0012072606477886438,0.15565945208072662
L31.o_proj,o_proj,32,halve,bitrev,0.001162170898169279,0.152724951505661
L31.o_proj,o_proj,16,full,off,0.013576425611972809,0.5219966769218445
L31.o_proj,o_proj,16,full,counter,0.004096221644431353,0.2867257595062256
L31.o_proj,o_proj,16,full,bitrev,0.0038040021900087595,0.27630922198295593
L31.o_proj,o_proj,16,halve,off,0.013097510673105717,0.5127071142196655
L31.o_proj,o_proj,16,halve,counter,0.004129758570343256,0.28789710998535156
L31.o_proj,o_proj,16,halve,bitrev,0.0038333707489073277,0.2773737907409668
L31.q_proj,q_proj,256,full,off,0.0005146292969584465,0.016885897144675255
L31.q_proj,q_proj,256,full,counter,0.0005146292969584465,0.016885897144675255
L31.q_proj,q_proj,256,full,bitrev,0.0005146292969584465,0.016885897144675255
L31.q_proj,q_proj,256,halve,off,0.0002811566519085318,0.01248104777187109
L31.q_proj,q_proj,256,halve,counter,0.00035400522756390274,0.014004954136908054
L31.q_proj,q_proj,256,halve,bitrev,0.0003609169798437506,0.014141013845801353
L31.q_proj,q_proj,192,full,off,0.0008646959322504699,0.0218881256878376
L31.q_proj,q_proj,192,full,counter,0.0005053586210124195,0.016733111813664436
L31.q_proj,q_proj,192,full,bitrev,0.0005125024472363293,0.016850968822836876
L31.q_proj,q_proj,192,halve,off,0.0005064084543846548,0.016750482842326164
L31.q_proj,q_proj,192,halve,counter,0.000584982568398118,0.01800314337015152
L31.q_proj,q_proj,192,halve,bitrev,0.0005607215571217239,0.01762586645781994
L31.q_proj,q_proj,128,full,off,0.003139269072562456,0.041705287992954254
L31.q_proj,q_proj,128,full,counter,0.001008321763947606,0.02363613434135914
L31.q_proj,q_proj,128,full,bitrev,0.0010729788336902857,0.024382175877690315
L31.q_proj,q_proj,128,halve,off,0.0016889102989807725,0.03059004619717598
L31.q_proj,q_proj,128,halve,counter,0.001092082355171442,0.024598268792033195
L31.q_proj,q_proj,128,halve,bitrev,0.000977333984337747,0.023270105943083763
L31.q_proj,q_proj,96,full,off,0.004676298703998327,0.05090119689702988
L31.q_proj,q_proj,96,full,counter,0.0016607175348326564,0.030333656817674637
L31.q_proj,q_proj,96,full,bitrev,0.001631205785088241,0.030062926933169365
L31.q_proj,q_proj,96,halve,off,0.0029330423567444086,0.040312159806489944
L31.q_proj,q_proj,96,halve,counter,0.001741686719469726,0.031064322218298912
L31.q_proj,q_proj,96,halve,bitrev,0.0016167525900527835,0.029929444193840027
L31.q_proj,q_proj,64,full,off,0.01773703657090664,0.09913280606269836
L31.q_proj,q_proj,64,full,counter,0.0034521971829235554,0.04373455047607422
L31.q_proj,q_proj,64,full,bitrev,0.0032851456198841333,0.042663272470235825
L31.q_proj,q_proj,64,halve,off,0.013284028507769108,0.08579100668430328
L31.q_proj,q_proj,64,halve,counter,0.0035382681526243687,0.044276393949985504
L31.q_proj,q_proj,64,halve,bitrev,0.003201177576556802,0.04211450740695
L31.q_proj,q_proj,48,full,off,0.02613087370991707,0.12032444030046463
L31.q_proj,q_proj,48,full,counter,0.005656765308231115,0.05598361790180206
L31.q_proj,q_proj,48,full,bitrev,0.005318620707839727,0.05428456515073776
L31.q_proj,q_proj,48,halve,off,0.02078801766037941,0.10732068121433258
L31.q_proj,q_proj,48,halve,counter,0.0057617234997451305,0.05650060251355171
L31.q_proj,q_proj,48,halve,bitrev,0.005260484758764505,0.05398707091808319
L31.q_proj,q_proj,32,full,off,0.08665648102760315,0.2191176563501358
L31.q_proj,q_proj,32,full,counter,0.011499124579131603,0.07981954514980316
L31.q_proj,q_proj,32,full,bitrev,0.010628256015479565,0.07673753798007965
L31.q_proj,q_proj,32,halve,off,0.07578202337026596,0.20490850508213043
L31.q_proj,q_proj,32,halve,counter,0.011610500514507294,0.08020516484975815
L31.q_proj,q_proj,32,halve,bitrev,0.010353532619774342,0.07573927938938141
L31.q_proj,q_proj,16,full,off,0.4177928864955902,0.4811244010925293
L31.q_proj,q_proj,16,full,counter,0.03854747489094734,0.1461419314146042
L31.q_proj,q_proj,16,full,bitrev,0.034208692610263824,0.1376718282699585
L31.q_proj,q_proj,16,halve,off,0.39532211422920227,0.46800708770751953
L31.q_proj,q_proj,16,halve,counter,0.038325585424900055,0.1457207202911377
L31.q_proj,q_proj,16,halve,bitrev,0.033319003880023956,0.13586977124214172
L31.up_proj,up_proj,256,full,off,0.00011058291420340538,0.013451437465846539
L31.up_proj,up_proj,256,full,counter,0.00011058291420340538,0.013451437465846539
L31.up_proj,up_proj,256,full,bitrev,0.00011058291420340538,0.013451437465846539
L31.up_proj,up_proj,256,halve,off,8.311420970130712e-05,0.01166171208024025
L31.up_proj,up_proj,256,halve,counter,8.241030445788056e-05,0.011612225323915482
L31.up_proj,up_proj,256,halve,bitrev,8.36704857647419e-05,0.011700673028826714
L31.up_proj,up_proj,192,full,off,0.00017939235840458423,0.01713273487985134
L31.up_proj,up_proj,192,full,counter,0.00012414793309289962,0.014252612367272377
L31.up_proj,up_proj,192,full,bitrev,0.00014333550643641502,0.015314456075429916
L31.up_proj,up_proj,192,halve,off,0.00013891662820242345,0.01507654506713152
L31.up_proj,up_proj,192,halve,counter,0.0001314966066274792,0.014668374322354794
L31.up_proj,up_proj,192,halve,bitrev,0.00012838812835980207,0.01449396088719368
L31.up_proj,up_proj,128,full,off,0.0005854495684616268,0.030950624495744705
L31.up_proj,up_proj,128,full,counter,0.00026186456670984626,0.020699653774499893
L31.up_proj,up_proj,128,full,bitrev,0.0003105635696556419,0.02254238910973072
L31.up_proj,up_proj,128,halve,off,0.0003187136317137629,0.022836262360215187
L31.up_proj,up_proj,128,halve,counter,0.0002572664525359869,0.02051711268723011
L31.up_proj,up_proj,128,halve,bitrev,0.00023305072681978345,0.019527647644281387
L31.up_proj,up_proj,96,full,off,0.0009084995836019516,0.0385555624961853
L31.up_proj,up_proj,96,full,counter,0.00042549739009700716,0.026385974138975143
L31.up_proj,up_proj,96,full,bitrev,0.00046910744276829064,0.027705172076821327
L31.up_proj,up_proj,96,halve,off,0.0005740280030295253,0.03064723126590252
L31.up_proj,up_proj,96,halve,counter,0.0004270416684448719,0.02643381431698799
L31.up_proj,up_proj,96,halve,bitrev,0.00037919433088973165,0.024908961728215218
L31.up_proj,up_proj,64,full,off,0.0028810612857341766,0.06865955144166946
L31.up_proj,up_proj,64,full,counter,0.0008677147561684251,0.03768019750714302
L31.up_proj,up_proj,64,full,bitrev,0.0008790009305812418,0.03792445734143257
L31.up_proj,up_proj,64,halve,off,0.0020199224818497896,0.057489968836307526
L31.up_proj,up_proj,64,halve,counter,0.0008650837698951364,0.037623029202222824
L31.up_proj,up_proj,64,halve,bitrev,0.000787952623795718,0.03590663895010948
L31.up_proj,up_proj,48,full,off,0.0042369370348751545,0.08326273411512375
L31.up_proj,up_proj,48,full,counter,0.0014297503512352705,0.04836762696504593
L31.up_proj,up_proj,48,full,bitrev,0.0014040983514860272,0.047931768000125885
L31.up_proj,up_proj,48,halve,off,0.0032439986243844032,0.07285594940185547
L31.up_proj,up_proj,48,halve,counter,0.0014342906652018428,0.048444364219903946
L31.up_proj,up_proj,48,halve,bitrev,0.0013186103897169232,0.046449702233076096
L31.up_proj,up_proj,32,full,off,0.012842693366110325,0.14496152102947235
L31.up_proj,up_proj,32,full,counter,0.002945452695712447,0.06942257285118103
L31.up_proj,up_proj,32,full,bitrev,0.0028105995152145624,0.06781475245952606
L31.up_proj,up_proj,32,halve,off,0.010866724886000156,0.13334417343139648
L31.up_proj,up_proj,32,halve,counter,0.0029369848780333996,0.06932271271944046
L31.up_proj,up_proj,32,halve,bitrev,0.002673357492312789,0.06613832712173462
L31.up_proj,up_proj,16,full,off,0.05684135481715202,0.304969847202301
L31.up_proj,up_proj,16,full,counter,0.009999685920774937,0.1279139369726181
L31.up_proj,up_proj,16,full,bitrev,0.009213902987539768,0.12278534471988678
L31.up_proj,up_proj,16,halve,off,0.052419573068618774,0.2928676903247833
L31.up_proj,up_proj,16,halve,counter,0.009985490702092648,0.1278231143951416
L31.up_proj,up_proj,16,halve,bitrev,0.008916784077882767,0.12078940123319626
L31.v_proj,v_proj,256,full,off,0.00032745697535574436,0.031956423074007034
L31.v_proj,v_proj,256,full,counter,0.00032745697535574436,0.031956423074007034
L31.v_proj,v_proj,256,full,bitrev,0.00032745697535574436,0.031956423074007034
L31.v_proj,v_proj,256,halve,off,0.0002590604417491704,0.028423763811588287
L31.v_proj,v_proj,256,halve,counter,0.0002772375592030585,0.029404042288661003
L31.v_proj,v_proj,256,halve,bitrev,0.00026408996200188994,0.028698353096842766
L31.v_proj,v_proj,192,full,off,0.0005812496528960764,0.04257575422525406
L31.v_proj,v_proj,192,full,counter,0.0004686706233769655,0.038230929523706436
L31.v_proj,v_proj,192,full,bitrev,0.0004472913860809058,0.03734876960515976
L31.v_proj,v_proj,192,halve,off,0.0004836601438000798,0.0388374924659729
L31.v_proj,v_proj,192,halve,counter,0.0004852420825045556,0.0389009565114975
L31.v_proj,v_proj,192,halve,bitrev,0.000450881285360083,0.0374983474612236
L31.v_proj,v_proj,128,full,off,0.0015419782139360905,0.06934579461812973
L31.v_proj,v_proj,128,full,counter,0.0009375216322951019,0.054071906954050064
L31.v_proj,v_proj,128,full,bitrev,0.0009229693678207695,0.053650613874197006
L31.v_proj,v_proj,128,halve,off,0.0011895574862137437,0.060907915234565735
L31.v_proj,v_proj,128,halve,counter,0.0009572700946591794,0.05463843792676926
L31.v_proj,v_proj,128,halve,bitrev,0.0008810986764729023,0.05241955444216728
L31.v_proj,v_proj,96,full,off,0.0025161162484437227,0.08858218044042587
L31.v_proj,v_proj,96,full,counter,0.0015832016943022609,0.07026663422584534
L31.v_proj,v_proj,96,full,bitrev,0.0014975760132074356,0.06834007054567337
L31.v_proj,v_proj,96,halve,off,0.0020817872136831284,0.08057478815317154
L31.v_proj,v_proj,96,halve,counter,0.001598734175786376,0.07061048597097397
L31.v_proj,v_proj,96,halve,bitrev,0.0014737165765836835,0.06779349595308304
L31.v_proj,v_proj,64,full,off,0.007709675468504429,0.15505975484848022
L31.v_proj,v_proj,64,full,counter,0.003322076750919223,0.10178548842668533
L31.v_proj,v_proj,64,full,bitrev,0.00313245365396142,0.09883785992860794
L31.v_proj,v_proj,64,halve,off,0.006674190051853657,0.14427141845226288
L31.v_proj,v_proj,64,halve,counter,0.003292268142104149,0.1013278067111969
L31.v_proj,v_proj,64,halve,bitrev,0.0030646875966340303,0.09776291251182556
L31.v_proj,v_proj,48,full,off,0.01291987206786871,0.20072901248931885
L31.v_proj,v_proj,48,full,counter,0.00537541089579463,0.12947528064250946
L31.v_proj,v_proj,48,full,bitrev,0.005199460778385401,0.12733863294124603
L31.v_proj,v_proj,48,halve,off,0.011708851903676987,0.19109009206295013
L31.v_proj,v_proj,48,halve,counter,0.005361652933061123,0.1293094903230667
L31.v_proj,v_proj,48,halve,bitrev,0.005140217486768961,0.12661109864711761
L31.v_proj,v_proj,32,full,off,0.0376003235578537,0.34243398904800415
L31.v_proj,v_proj,32,full,counter,0.010735011659562588,0.1829710155725479
L31.v_proj,v_proj,32,full,bitrev,0.010387464426457882,0.17998479306697845
L31.v_proj,v_proj,32,halve,off,0.0349554568529129,0.3301706910133362
L31.v_proj,v_proj,32,halve,counter,0.010712647810578346,0.18278032541275024
L31.v_proj,v_proj,32,halve,bitrev,0.010280194692313671,0.17905303835868835
L31.v_proj,v_proj,16,full,off,0.18064938485622406,0.7505839467048645
L31.v_proj,v_proj,16,full,counter,0.03827177733182907,0.3454779386520386
L31.v_proj,v_proj,16,full,bitrev,0.03252069652080536,0.318464457988739
L31.v_proj,v_proj,16,halve,off,0.1757807433605194,0.7404004335403442
L31.v_proj,v_proj,16,halve,counter,0.038124896585941315,0.34481438994407654
L31.v_proj,v_proj,16,halve,bitrev,0.03222796320915222,0.31702786684036255
