tensor,owen,stream,stoc_len,ref_rms,mse,rmse,max_abs,rel_fro,cos
L0.down_proj,off,full,256,0.051888901740312576,3.440489990680362e-07,0.000586556901816044,0.00802735984325409,0.011304090730845928,0.9999362230300903
L0.down_proj,off,full,128,0.051888901740312576,1.3470846624841215e-06,0.0011606397643042054,0.022508464753627777,0.02236778289079666,0.9997513294219971
L0.down_proj,off,full,64,0.051888901740312576,6.967351964703994e-06,0.0026395742014014294,0.05663260072469711,0.05086972564458847,0.9987235069274902
L0.down_proj,off,full,32,0.051888901740312576,3.3675896702334285e-05,0.005803093718210511,0.12375026196241379,0.11183689534664154,0.9939383268356323
L0.down_proj,off,full,16,0.051888901740312576,0.00015550960961263627,0.01247034921774993,0.2596352696418762,0.2403278648853302,0.9734361171722412
L0.down_proj,off,halve,128,0.051888901740312576,1.2876242863057996e-06,0.0011347353375592917,0.022362567484378815,0.021868553012609482,0.9997612833976746
L0.down_proj,counter,full,256,0.051888901740312576,3.440489990680362e-07,0.000586556901816044,0.00802735984325409,0.011304090730845928,0.9999362230300903
L0.down_proj,counter,full,128,0.051888901740312576,6.651997068729543e-07,0.0008155977604634249,0.009357979521155357,0.01571815274655819,0.9998764991760254
L0.down_proj,counter,full,64,0.051888901740312576,2.405794930382399e-06,0.0015510625165938345,0.022612154483795166,0.029891986399888992,0.9995535612106323
L0.down_proj,counter,full,32,0.051888901740312576,7.400401500490261e-06,0.002720367898003919,0.039060622453689575,0.0524267740547657,0.9986300468444824
L0.down_proj,counter,full,16,0.051888901740312576,2.096697426168248e-05,0.00457897087364426,0.041159361600875854,0.08824566006660461,0.9961286783218384
L0.down_proj,counter,halve,128,0.051888901740312576,6.588845167243562e-07,0.0008117170176387558,0.009442482143640518,0.015643363818526268,0.9998775720596313
L0.down_proj,bitrev,full,256,0.051888901740312576,3.440489990680362e-07,0.000586556901816044,0.00802735984325409,0.011304090730845928,0.9999362230300903
L0.down_proj,bitrev,full,128,0.051888901740312576,5.585057465395948e-07,0.00074733242037235,0.006153501570224762,0.014402547851204872,0.9998963475227356
L0.down_proj,bitrev,full,64,0.051888901740312576,1.8878311038861284e-06,0.0013739836621612822,0.011916637420654297,0.026479333639144897,0.9996496438980103
L0.down_proj,bitrev,full,32,0.051888901740312576,6.073597432987299e-06,0.0024644669673151024,0.032900892198085785,0.04749506711959839,0.9988733530044556
L0.down_proj,bitrev,full,16,0.051888901740312576,1.58954098878894e-05,0.0039869048004547835,0.06358937174081802,0.07683540135622025,0.9970650672912598
L0.down_proj,bitrev,halve,128,0.051888901740312576,5.427357905318786e-07,0.000736706040786879,0.006585061550140381,0.01419775653630495,0.99989914894104
L0.down_proj,random,full,256,0.051888901740312576,3.440489990680362e-07,0.000586556901816044,0.00802735984325409,0.011304090730845928,0.9999362230300903
L0.down_proj,random,full,128,0.051888901740312576,5.104748197481968e-07,0.0007144752058316627,0.006485797464847565,0.013769324868917465,0.9999051690101624
L0.down_proj,random,full,64,0.051888901740312576,1.7156218063973938e-06,0.0013098174706413844,0.010050605982542038,0.025242727249860764,0.9996817708015442
L0.down_proj,random,full,32,0.051888901740312576,5.0530397857073694e-06,0.0022478967471188196,0.026505008339881897,0.043321333825588226,0.9990624785423279
L0.down_proj,random,full,16,0.051888901740312576,1.4608160199713893e-05,0.0038220622966814517,0.032462045550346375,0.07365856319665909,0.9973007440567017
L0.down_proj,random,halve,128,0.051888901740312576,5.069747430752614e-07,0.0007120215889109412,0.0067102983593940735,0.013722038827836514,0.9999058246612549
L0.gate_proj,off,full,256,0.10560587793588638,7.910504791652784e-06,0.0028125619622779486,0.10084795951843262,0.026632625609636307,0.9996663331985474
L0.gate_proj,off,full,128,0.10560587793588638,3.4857082937378436e-05,0.005903988731135793,0.2374284267425537,0.055905867367982864,0.9987016916275024
L0.gate_proj,off,full,64,0.10560587793588638,0.000174094588146545,0.013194490825588724,0.679093599319458,0.12494087219238281,0.994106113910675
L0.gate_proj,off,full,32,0.10560587793588638,0.000827707233838737,0.028769901526399723,1.571216344833374,0.2724270820617676,0.9754427671432495
L0.gate_proj,off,full,16,0.10560587793588638,0.003875375958159566,0.062252517685307845,3.5630838871002197,0.5894796252250671,0.9152060151100159
L0.gate_proj,off,halve,128,0.10560587793588638,2.9743287086603232e-05,0.005453740650838031,0.19837069511413574,0.05164239555597305,0.998711347579956
L0.gate_proj,counter,full,256,0.10560587793588638,7.910504791652784e-06,0.0028125619622779486,0.10084795951843262,0.026632625609636307,0.9996663331985474
L0.gate_proj,counter,full,128,0.10560587793588638,2.1585990907624364e-05,0.004646072632624717,0.05713285505771637,0.04399445280432701,0.9990317821502686
L0.gate_proj,counter,full,64,0.10560587793588638,7.479425403289497e-05,0.008648367131019298,0.15091079473495483,0.08189285546541214,0.9966566562652588
L0.gate_proj,counter,full,32,0.10560587793588638,0.00025852079852484167,0.016078581981158715,0.24264325201511383,0.15225082635879517,0.9886124134063721
L0.gate_proj,counter,full,16,0.10560587793588638,0.0008535305387340486,0.02921524497131675,0.5392858982086182,0.2766440808773041,0.9640845060348511
L0.gate_proj,counter,halve,128,0.10560587793588638,2.098567165376153e-05,0.004581012077452048,0.06109309196472168,0.043378379195928574,0.9990609884262085
L0.gate_proj,bitrev,full,256,0.10560587793588638,7.910504791652784e-06,0.0028125619622779486,0.10084795951843262,0.026632625609636307,0.9996663331985474
L0.gate_proj,bitrev,full,128,0.10560587793588638,2.063690590148326e-05,0.004542786138646993,0.04334643483161926,0.04301641508936882,0.9991394281387329
L0.gate_proj,bitrev,full,64,0.10560587793588638,6.943503103684634e-05,0.008332768509735905,0.08190777897834778,0.0789043977856636,0.9970073103904724
L0.gate_proj,bitrev,full,32,0.10560587793588638,0.00022981525398790836,0.015159658768847945,0.16162747144699097,0.143549382686615,0.9901626110076904
L0.gate_proj,bitrev,full,16,0.10560587793588638,0.0007163810660131276,0.02676529592612657,0.23647502064704895,0.2534451186656952,0.9701905250549316
L0.gate_proj,bitrev,halve,128,0.10560587793588638,1.934277497639414e-05,0.004398042175376918,0.04983949661254883,0.04164580628275871,0.9991346597671509
L0.gate_proj,random,full,256,0.10560587793588638,7.910504791652784e-06,0.0028125619622779486,0.10084795951843262,0.026632625609636307,0.9996663331985474
L0.gate_proj,random,full,128,0.10560587793588638,1.942691596923396e-05,0.004407597528045632,0.04428832232952118,0.041736289858818054,0.9991292953491211
L0.gate_proj,random,full,64,0.10560587793588638,6.59592988085933e-05,0.008121533033152873,0.1588144749403,0.07690417766571045,0.9970684051513672
L0.gate_proj,random,full,32,0.10560587793588638,0.00021150782413315028,0.01454330856900005,0.17267319560050964,0.13771305978298187,0.9906837344169617
L0.gate_proj,random,full,16,0.10560587793588638,0.0006530385580845177,0.02555461911444813,0.2314978390932083,0.24198101460933685,0.9717569947242737
L0.gate_proj,random,halve,128,0.10560587793588638,1.8833185094990768e-05,0.004339721776219159,0.049389421939849854,0.04109356179833412,0.9991559386253357
L0.k_proj,off,full,256,1.44193696975708,0.0008907048613764346,0.02984467894577582,0.19739842414855957,0.02069762907922268,0.999854564666748
L0.k_proj,off,full,128,1.44193696975708,0.004985070787370205,0.07060503372543778,0.43572497367858887,0.04896540567278862,0.9992907643318176
L0.k_proj,off,full,64,1.44193696975708,0.027869023382663727,0.16694017905424605,0.9832384586334229,0.11577492952346802,0.9965884685516357
L0.k_proj,off,full,32,1.44193696975708,0.1368725597858429,0.3699629167711852,2.1288437843322754,0.25657355785369873,0.9866440892219543
L0.k_proj,off,full,16,1.44193696975708,0.6286499500274658,0.7928744856706299,4.504376411437988,0.5498676300048828,0.9578056335449219
L0.k_proj,off,halve,128,1.44193696975708,0.0040959445759654045,0.06399956699826495,0.43166518211364746,0.044384438544511795,0.9993191957473755
L0.k_proj,counter,full,256,1.44193696975708,0.0008907048613764346,0.02984467894577582,0.19739842414855957,0.02069762907922268,0.999854564666748
L0.k_proj,counter,full,128,1.44193696975708,0.00043318193638697267,0.02081302323995658,0.1790027618408203,0.014434071257710457,0.9998961687088013
L0.k_proj,counter,full,64,1.44193696975708,0.0015591076808050275,0.039485537615752776,0.35655975341796875,0.027383675798773766,0.9996308088302612
L0.k_proj,counter,full,32,1.44193696975708,0.004884055815637112,0.06988602017311554,0.4548303484916687,0.0484667606651783,0.9988904595375061
L0.k_proj,counter,full,16,1.44193696975708,0.018833525478839874,0.1372352923953597,0.9723949432373047,0.09517426043748856,0.9964960217475891
L0.k_proj,counter,halve,128,1.44193696975708,0.0004327154310885817,0.020801813168293326,0.1338028907775879,0.014426298439502716,0.9998959302902222
L0.k_proj,bitrev,full,256,1.44193696975708,0.0008907048613764346,0.02984467894577582,0.19739842414855957,0.02069762907922268,0.999854564666748
L0.k_proj,bitrev,full,128,1.44193696975708,0.00046404506429098547,0.02154170523173561,0.17382431030273438,0.01493942178785801,0.9999051094055176
L0.k_proj,bitrev,full,64,1.44193696975708,0.0014633149839937687,0.03825330030198399,0.2711219787597656,0.026529107242822647,0.999704897403717
L0.k_proj,bitrev,full,32,1.44193696975708,0.0040865568444132805,0.06392618277680344,0.6287202835083008,0.04433354362845421,0.9991439580917358
L0.k_proj,bitrev,full,16,1.44193696975708,0.011857520788908005,0.10889224393366134,0.9051733016967773,0.07551802694797516,0.9974076747894287
L0.k_proj,bitrev,halve,128,1.44193696975708,0.0003912117099389434,0.01977907252474047,0.19343948364257812,0.013717014342546463,0.9999059438705444
L0.k_proj,random,full,256,1.44193696975708,0.0008907048613764346,0.02984467894577582,0.19739842414855957,0.02069762907922268,0.999854564666748
L0.k_proj,random,full,128,1.44193696975708,0.00037296570371836424,0.0193123199983421,0.15276765823364258,0.013393315486609936,0.9999107122421265
L0.k_proj,random,full,64,1.44193696975708,0.0010164127452298999,0.03188122872835832,0.18833446502685547,0.022110000252723694,0.9997556805610657
L0.k_proj,random,full,32,1.44193696975708,0.003094426356256008,0.05562756831154862,0.42165279388427734,0.03857836127281189,0.999255895614624
L0.k_proj,random,full,16,1.44193696975708,0.008380347862839699,0.09154423992168868,0.6562281250953674,0.0634869858622551,0.9979915022850037
L0.k_proj,random,halve,128,1.44193696975708,0.00038269616197794676,0.01956262155177436,0.19330406188964844,0.01356690376996994,0.9999098777770996
L0.o_proj,off,full,256,0.00834187213331461,3.818393068399928e-08,0.00019540708964620315,0.005959212779998779,0.023424847051501274,0.9997535943984985
L0.o_proj,off,full,128,0.00834187213331461,1.6397723356931238e-07,0.0004049410248039983,0.009830251336097717,0.04854318127036095,0.9990370273590088
L0.o_proj,off,full,64,0.00834187213331461,8.15964824596449e-07,0.0009033077131279512,0.022887155413627625,0.10828596353530884,0.9957969784736633
L0.o_proj,off,full,32,0.00834187213331461,3.88316584576387e-06,0.0019705750038412316,0.05500610172748566,0.23622694611549377,0.9830427169799805
L0.o_proj,off,full,16,0.00834187213331461,1.7545238733873703e-05,0.004188703705667626,0.09770141541957855,0.5021299123764038,0.9432443380355835
L0.o_proj,off,halve,128,0.00834187213331461,1.4367715550633875e-07,0.00037904769555603256,0.008899882435798645,0.045439161360263824,0.9990530014038086
L0.o_proj,counter,full,256,0.00834187213331461,3.818393068399928e-08,0.00019540708964620315,0.005959212779998779,0.023424847051501274,0.9997535943984985
L0.o_proj,counter,full,128,0.00834187213331461,9.558761604466781e-08,0.00030917246973925056,0.003009513020515442,0.03706271946430206,0.9993128776550293
L0.o_proj,counter,full,64,0.00834187213331461,3.3429773793614004e-07,0.0005781848648452674,0.008512735366821289,0.06931116431951523,0.9976418614387512
L0.o_proj,counter,full,32,0.00834187213331461,1.1402235031710006e-06,0.001067812485023003,0.01618748903274536,0.12800633907318115,0.9921020865440369
L0.o_proj,counter,full,16,0.00834187213331461,3.7306353988242336e-06,0.0019314852830980187,0.028412658721208572,0.2315409928560257,0.9749140739440918
L0.o_proj,counter,halve,128,0.00834187213331461,9.321518490423841e-08,0.00030531161934036903,0.002810366451740265,0.036599889397621155,0.9993299245834351
L0.o_proj,bitrev,full,256,0.00834187213331461,3.818393068399928e-08,0.00019540708964620315,0.005959212779998779,0.023424847051501274,0.9997535943984985
L0.o_proj,bitrev,full,128,0.00834187213331461,9.537885148347414e-08,0.0003088346669068648,0.0047520846128463745,0.03702222555875778,0.999345064163208
L0.o_proj,bitrev,full,64,0.00834187213331461,3.168315174661984e-07,0.0005628778885923647,0.009773671627044678,0.06747620552778244,0.9978331327438354
L0.o_proj,bitrev,full,32,0.00834187213331461,1.0581851483948412e-06,0.001028681266668564,0.02019364759325981,0.12331538647413254,0.9931234121322632
L0.o_proj,bitrev,full,16,0.00834187213331461,3.160168489557691e-06,0.001777686274222111,0.03358219563961029,0.2131039798259735,0.9795932173728943
L0.o_proj,bitrev,halve,128,0.00834187213331461,9.049737315081074e-08,0.00030082781312706236,0.003746934235095978,0.03606238588690758,0.9993494749069214
L0.o_proj,random,full,256,0.00834187213331461,3.818393068399928e-08,0.00019540708964620315,0.005959212779998779,0.023424847051501274,0.9997535943984985
L0.o_proj,random,full,128,0.00834187213331461,8.987865385279292e-08,0.00029979768820455056,0.005377337336540222,0.035938896238803864,0.999356746673584
L0.o_proj,random,full,64,0.00834187213331461,2.917500125931838e-07,0.0005401388826896133,0.006787315011024475,0.0647503212094307,0.9979588985443115
L0.o_proj,random,full,32,0.00834187213331461,9.160180525213946e-07,0.0009570883201258882,0.015099853277206421,0.11473303288221359,0.9935086965560913
L0.o_proj,random,full,16,0.00834187213331461,2.8620152079383843e-06,0.0016917491563285569,0.03303276002407074,0.20280207693576813,0.9803626537322998
L0.o_proj,random,halve,128,0.00834187213331461,8.61972395682642e-08,0.0002935936640465257,0.006193697452545166,0.03519517555832863,0.999383270740509
L0.q_proj,off,full,256,1.2456599473953247,0.0005316467140801251,0.023057465473900748,0.3801918029785156,0.0185102391988039,0.9999027252197266
L0.q_proj,off,full,128,1.2456599473953247,0.0030351632740348577,0.05509231592549779,0.8345270156860352,0.04422740638256073,0.99953293800354
L0.q_proj,off,full,64,1.2456599473953247,0.016641302034258842,0.12900117067010997,2.087057113647461,0.10356049239635468,0.9978427886962891
L0.q_proj,off,full,32,1.2456599473953247,0.0809280276298523,0.2844785187493992,4.264922142028809,0.22837573289871216,0.9915894269943237
L0.q_proj,off,full,16,1.2456599473953247,0.3700319528579712,0.6083025175502491,9.565285682678223,0.48833751678466797,0.9731767177581787
L0.q_proj,off,halve,128,1.2456599473953247,0.0024867248721420765,0.04986707202294994,0.7605295181274414,0.04003264755010605,0.9995378255844116
L0.q_proj,counter,full,256,1.2456599473953247,0.0005316467140801251,0.023057465473900748,0.3801918029785156,0.0185102391988039,0.9999027252197266
L0.q_proj,counter,full,128,1.2456599473953247,0.00019622397667262703,0.014007996882946077,0.1547069549560547,0.011245441623032093,0.9999381899833679
L0.q_proj,counter,full,64,1.2456599473953247,0.000733138294890523,0.027076526640071895,0.41411590576171875,0.021736690774559975,0.9997747540473938
L0.q_proj,counter,full,32,1.2456599473953247,0.0023991819471120834,0.048981444926748365,0.5304775238037109,0.03932167962193489,0.9993011355400085
L0.q_proj,counter,full,16,1.2456599473953247,0.009245452471077442,0.09615327592483494,0.9655218124389648,0.07719062268733978,0.9979236721992493
L0.q_proj,counter,halve,128,1.2456599473953247,0.00019237847300246358,0.013870056705091857,0.15804100036621094,0.011134704574942589,0.9999383091926575
L0.q_proj,bitrev,full,256,1.2456599473953247,0.0005316467140801251,0.023057465473900748,0.3801918029785156,0.0185102391988039,0.9999027252197266
L0.q_proj,bitrev,full,128,1.2456599473953247,0.00022892429842613637,0.015130244493270304,0.1820383071899414,0.012146367691457272,0.999942421913147
L0.q_proj,bitrev,full,64,1.2456599473953247,0.0006589630502276123,0.025670275616510474,0.2743692398071289,0.02060776948928833,0.9998283982276917
L0.q_proj,bitrev,full,32,1.2456599473953247,0.0020233560353517532,0.04498173001732763,0.6497001647949219,0.036110758781433105,0.9994778633117676
L0.q_proj,bitrev,full,16,1.2456599473953247,0.005301348399370909,0.0728103591487565,0.7995719909667969,0.058451227843761444,0.9984698295593262
L0.q_proj,bitrev,halve,128,1.2456599473953247,0.00017953274073079228,0.013398982824483069,0.1324458122253418,0.010756532661616802,0.9999421834945679
L0.q_proj,random,full,256,1.2456599473953247,0.0005316467140801251,0.023057465473900748,0.3801918029785156,0.0185102391988039,0.9999027252197266
L0.q_proj,random,full,128,1.2456599473953247,0.00016201965627260506,0.012728694209250416,0.13390159606933594,0.010218434035778046,0.9999486804008484
L0.q_proj,random,full,64,1.2456599473953247,0.00045857939403504133,0.02141446693324495,0.27194690704345703,0.017191261053085327,0.9998522996902466
L0.q_proj,random,full,32,1.2456599473953247,0.0014591997023671865,0.03819947254043159,0.5098867416381836,0.0306660495698452,0.9995306730270386
L0.q_proj,random,full,16,1.2456599473953247,0.0035399743355810642,0.05949768344718191,0.4843379259109497,0.04776398092508316,0.9988644123077393
L0.q_proj,random,halve,128,1.2456599473953247,0.0001723510940792039,0.013128255561162873,0.1584320068359375,0.01053919643163681,0.9999476671218872
L0.up_proj,off,full,256,0.08224800229072571,6.305969236564124e-06,0.0025111688984542882,0.09751653671264648,0.03053167089819908,0.9995617270469666
L0.up_proj,off,full,128,0.08224800229072571,2.7221003620070405e-05,0.005217375165739033,0.23260045051574707,0.0634346678853035,0.9983128309249878
L0.up_proj,off,full,64,0.08224800229072571,0.00013316435797605664,0.011539686216533647,0.5991625785827637,0.14030355215072632,0.9925333261489868
L0.up_proj,off,full,32,0.08224800229072571,0.0006229763966985047,0.024959495121065742,1.4051032066345215,0.303466260433197,0.9698358774185181
L0.up_proj,off,full,16,0.08224800229072571,0.0028785488102585077,0.053652109094223945,3.1283414363861084,0.6523211002349854,0.9003245830535889
L0.up_proj,off,halve,128,0.08224800229072571,2.361735278100241e-05,0.004859768799130511,0.21367216110229492,0.059086769819259644,0.9983174204826355
L0.up_proj,counter,full,256,0.08224800229072571,6.305969236564124e-06,0.0025111688984542882,0.09751653671264648,0.03053167089819908,0.9995617270469666
L0.up_proj,counter,full,128,0.08224800229072571,1.7644104445935227e-05,0.0042004885960963195,0.042373351752758026,0.051071006804704666,0.9986967444419861
L0.up_proj,counter,full,64,0.08224800229072571,6.100074460846372e-05,0.007810297344433419,0.07323314249515533,0.09496032446622849,0.9955194592475891
L0.up_proj,counter,full,32,0.08224800229072571,0.00021055337856523693,0.0145104575587828,0.11211155354976654,0.17642320692539215,0.9848121404647827
L0.up_proj,counter,full,16,0.08224800229072571,0.0006937026046216488,0.026338234652718256,0.29073667526245117,0.3202294707298279,0.9529606699943542
L0.up_proj,counter,halve,128,0.08224800229072571,1.7103478967328556e-05,0.004135635255595995,0.04357442259788513,0.050282496958971024,0.998735785484314
L0.up_proj,bitrev,full,256,0.08224800229072571,6.305969236564124e-06,0.0025111688984542882,0.09751653671264648,0.03053167089819908,0.9995617270469666
L0.up_proj,bitrev,full,128,0.08224800229072571,1.6761287042754702e-05,0.004094055085456802,0.029144026339054108,0.04977695271372795,0.9988423585891724
L0.up_proj,bitrev,full,64,0.08224800229072571,5.6956414482556283e-05,0.007546947361851432,0.0652742013335228,0.09175842255353928,0.9959617853164673
L0.up_proj,bitrev,full,32,0.08224800229072571,0.00018451755749993026,0.013583723992334732,0.10762476176023483,0.16515566408634186,0.9870187640190125
L0.up_proj,bitrev,full,16,0.08224800229072571,0.0005891037289984524,0.024271459144403585,0.17084664106369019,0.2951008677482605,0.9602059125900269
L0.up_proj,bitrev,halve,128,0.08224800229072571,1.580993011884857e-05,0.003976170282929112,0.03231358528137207,0.04834366589784622,0.9988317489624023
L0.up_proj,random,full,256,0.08224800229072571,6.305969236564124e-06,0.0025111688984542882,0.09751653671264648,0.03053167089819908,0.9995617270469666
L0.up_proj,random,full,128,0.08224800229072571,1.600152245373465e-05,0.004000190302189966,0.03178399056196213,0.048635710030794144,0.9988195300102234
L0.up_proj,random,full,64,0.08224800229072571,5.425850031315349e-05,0.007366036947582702,0.05300766974687576,0.08955885469913483,0.9960340261459351
L0.up_proj,random,full,32,0.08224800229072571,0.00017404217214789242,0.013192504392566728,0.08369404077529907,0.16039907932281494,0.9874628782272339
L0.up_proj,random,full,16,0.08224800229072571,0.0005341021460480988,0.023110650056804953,0.16387268900871277,0.28098735213279724,0.9627271294593811
L0.up_proj,random,halve,128,0.08224800229072571,1.538619471830316e-05,0.003922524023929383,0.03463985398411751,0.04769141972064972,0.9988620281219482
L0.v_proj,off,full,256,0.03480317071080208,1.0291170838172548e-05,0.0032079854797321867,0.015323637053370476,0.09217509627342224,0.9960688352584839
L0.v_proj,off,full,128,0.03480317071080208,4.517506749834865e-05,0.006721240026836466,0.034160420298576355,0.19312147796154022,0.9842760562896729
L0.v_proj,off,full,64,0.03480317071080208,0.00022959265334066004,0.015152315114881292,0.08726704120635986,0.43537166714668274,0.9380173683166504
L0.v_proj,off,full,32,0.03480317071080208,0.001094594830647111,0.033084661561622646,0.20021343231201172,0.950622022151947,0.8217763900756836
L0.v_proj,off,full,16,0.03480317071080208,0.004967085085809231,0.07047755022565151,0.45222681760787964,2.0250325202941895,0.6642367243766785
L0.v_proj,off,halve,128,0.03480317071080208,4.397680822876282e-05,0.006631501204762223,0.033657316118478775,0.1905430108308792,0.9838548898696899
L0.v_proj,counter,full,256,0.03480317071080208,1.0291170838172548e-05,0.0032079854797321867,0.015323637053370476,0.09217509627342224,0.9960688352584839
L0.v_proj,counter,full,128,0.03480317071080208,1.8274435205967166e-05,0.004274860840538223,0.0193950142711401,0.1228296309709549,0.992546796798706
L0.v_proj,counter,full,64,0.03480317071080208,6.413509981939569e-05,0.00800843928736403,0.03518624231219292,0.23010659217834473,0.97457355260849
L0.v_proj,counter,full,32,0.03480317071080208,0.00021376990480348468,0.014620872231282396,0.07072704285383224,0.42010173201560974,0.92449951171875
L0.v_proj,counter,full,16,0.03480317071080208,0.0006559444591403008,0.025611412673655874,0.12080325931310654,0.7358930706977844,0.8265843391418457
L0.v_proj,counter,halve,128,0.03480317071080208,1.8155093130189925e-05,0.0042608793846094645,0.019995085895061493,0.12242790311574936,0.9925475120544434
L0.v_proj,bitrev,full,256,0.03480317071080208,1.0291170838172548e-05,0.0032079854797321867,0.015323637053370476,0.09217509627342224,0.9960688352584839
L0.v_proj,bitrev,full,128,0.03480317071080208,1.5941104720695876e-05,0.003992631302874819,0.018142210319638252,0.11472032964229584,0.9935985207557678
L0.v_proj,bitrev,full,64,0.03480317071080208,5.163408786756918e-05,0.007185686318478506,0.03703255206346512,0.206466406583786,0.9797101020812988
L0.v_proj,bitrev,full,32,0.03480317071080208,0.0001611802726984024,0.012695679292515324,0.05690811574459076,0.3647851347923279,0.9409976601600647
L0.v_proj,bitrev,full,16,0.03480317071080208,0.00045873096678406,0.021418005667756743,0.12717922031879425,0.6154038906097412,0.8572682738304138
L0.v_proj,bitrev,halve,128,0.03480317071080208,1.5629158951924182e-05,0.003953373110639089,0.017718058079481125,0.11359231919050217,0.9935535788536072
L0.v_proj,random,full,256,0.03480317071080208,1.0291170838172548e-05,0.0032079854797321867,0.015323637053370476,0.09217509627342224,0.9960688352584839
L0.v_proj,random,full,128,0.03480317071080208,1.4858874237688724e-05,0.0038547210324080166,0.020415373146533966,0.1107577532529831,0.9938850998878479
L0.v_proj,random,full,64,0.03480317071080208,4.5931235945317894e-05,0.006777258733833163,0.030307229608297348,0.19473107159137726,0.9814642071723938
L0.v_proj,random,full,32,0.03480317071080208,0.00013821882021147758,0.011756650042060347,0.06559962779283524,0.33780398964881897,0.9472073316574097
L0.v_proj,random,full,16,0.03480317071080208,0.00036330483271740377,0.019060556988645526,0.08670350909233093,0.5476672649383545,0.8744602799415588
L0.v_proj,random,halve,128,0.03480317071080208,1.4718955753778573e-05,0.003836529128493432,0.020398780703544617,0.11023504287004471,0.9939190149307251
L15.down_proj,off,full,256,0.07038823515176773,7.974800610099919e-06,0.0028239689463766984,0.05987405776977539,0.040119901299476624,0.9992433190345764
L15.down_proj,off,full,128,0.07038823515176773,3.497087163850665e-05,0.005913617474820861,0.19741129875183105,0.08401429653167725,0.9969823956489563
L15.down_proj,off,full,64,0.07038823515176773,0.00017176347319036722,0.013105856446274971,0.43128395080566406,0.18619383871555328,0.9867894649505615
L15.down_proj,off,full,32,0.07038823515176773,0.0008252880652435124,0.028727827367267304,0.9350597858428955,0.40813392400741577,0.9494612812995911
L15.down_proj,off,full,16,0.07038823515176773,0.003814105875790119,0.0617584478091064,2.045046806335449,0.877397358417511,0.8522214293479919
L15.down_proj,off,halve,128,0.07038823515176773,3.185964305885136e-05,0.005644434697899459,0.1565256118774414,0.0801900327205658,0.9969692826271057
L15.down_proj,counter,full,256,0.07038823515176773,7.974800610099919e-06,0.0028239689463766984,0.05987405776977539,0.040119901299476624,0.9992433190345764
L15.down_proj,counter,full,128,0.07038823515176773,2.1448242478072643e-05,0.004631224727658186,0.029448509216308594,0.06579543650150299,0.997842013835907
L15.down_proj,counter,full,64,0.07038823515176773,7.428514072671533e-05,0.008618882800381691,0.12845230102539062,0.12244777381420135,0.9926180839538574
L15.down_proj,counter,full,32,0.07038823515176773,0.0002505697775632143,0.01582939599489552,0.20377349853515625,0.224886953830719,0.9760487079620361
L15.down_proj,counter,full,16,0.07038823515176773,0.0008303829235956073,0.028816365551464107,0.33651280403137207,0.4093917906284332,0.9287002086639404
L15.down_proj,counter,halve,128,0.07038823515176773,2.117388794431463e-05,0.0046015093115536155,0.029533028602600098,0.06537327170372009,0.9978609681129456
L15.down_proj,bitrev,full,256,0.07038823515176773,7.974800610099919e-06,0.0028239689463766984,0.05987405776977539,0.040119901299476624,0.9992433190345764
L15.down_proj,bitrev,full,128,0.07038823515176773,2.018960913119372e-05,0.004493284893170443,0.05314342677593231,0.0638357400894165,0.9980324506759644
L15.down_proj,bitrev,full,64,0.07038823515176773,6.837605906184763e-05,0.008268981742744848,0.08962559700012207,0.11747675389051437,0.9933763742446899
L15.down_proj,bitrev,full,32,0.07038823515176773,0.00021717870549764484,0.014736984274187336,0.1542583703994751,0.20936715602874756,0.9794274568557739
L15.down_proj,bitrev,full,16,0.07038823515176773,0.0006603065994568169,0.025696431648320684,0.23199987411499023,0.36506715416908264,0.9412519931793213
L15.down_proj,bitrev,halve,128,0.07038823515176773,1.9605326087912545e-05,0.0044277902036921925,0.048353224992752075,0.06290525943040848,0.9980196356773376
L15.down_proj,random,full,256,0.07038823515176773,7.974800610099919e-06,0.0028239689463766984,0.05987405776977539,0.040119901299476624,0.9992433190345764
L15.down_proj,random,full,128,0.07038823515176773,1.9123144738841802e-05,0.0043730017995470575,0.04455828666687012,0.06212688982486725,0.9980713129043579
L15.down_proj,random,full,64,0.07038823515176773,6.391178612830117e-05,0.007994484731882422,0.0720365047454834,0.11357700079679489,0.993622899055481
L15.down_proj,random,full,32,0.07038823515176773,0.00020154606318101287,0.0141966919802119,0.22523784637451172,0.20169126987457275,0.9801463484764099
L15.down_proj,random,full,16,0.07038823515176773,0.0005929803592152894,0.024351188045253342,0.44817280769348145,0.34595540165901184,0.9441522359848022
L15.down_proj,random,halve,128,0.07038823515176773,1.8835460650734603e-05,0.004339983945907473,0.05118870735168457,0.061657801270484924,0.9980977773666382
L15.gate_proj,off,full,256,0.482925683259964,9.246137051377445e-05,0.009615683569761146,0.1442568302154541,0.01991131156682968,0.9998156428337097
L15.gate_proj,off,full,128,0.482925683259964,0.0004095275653526187,0.02023678742667963,0.30361318588256836,0.04190456122159958,0.9992968440055847
L15.gate_proj,off,full,64,0.482925683259964,0.00195419043302536,0.04420622617941233,0.7783985137939453,0.09153836220502853,0.996935248374939
L15.gate_proj,off,full,32,0.482925683259964,0.009029502980411053,0.09502369694140012,1.6918082237243652,0.1967667192220688,0.9873136878013611
L15.gate_proj,off,full,16,0.482925683259964,0.04189634695649147,0.20468597156740242,3.536630630493164,0.42384570837020874,0.953020453453064
L15.gate_proj,off,halve,128,0.482925683259964,0.00032845823443494737,0.018123416742848116,0.24068355560302734,0.037528377026319504,0.9993196725845337
L15.gate_proj,counter,full,256,0.482925683259964,9.246137051377445e-05,0.009615683569761146,0.1442568302154541,0.01991131156682968,0.9998156428337097
L15.gate_proj,counter,full,128,0.482925683259964,0.0002904947323258966,0.01704390601728068,0.2298564910888672,0.03529302030801773,0.9993776082992554
L15.gate_proj,counter,full,64,0.482925683259964,0.0010171353351324797,0.03189255924400674,0.40610429644584656,0.06604030728340149,0.997821569442749
L15.gate_proj,counter,full,32,0.482925683259964,0.0034856614656746387,0.05903949073014298,0.7436857223510742,0.12225378304719925,0.9926223158836365
L15.gate_proj,counter,full,16,0.482925683259964,0.011733111925423145,0.10831949005337473,1.3249890804290771,0.22429847717285156,0.9757956862449646
L15.gate_proj,counter,halve,128,0.482925683259964,0.000284930836642161,0.016879894449970977,0.23355436325073242,0.03495340049266815,0.9993895888328552
L15.gate_proj,bitrev,full,256,0.482925683259964,9.246137051377445e-05,0.009615683569761146,0.1442568302154541,0.01991131156682968,0.9998156428337097
L15.gate_proj,bitrev,full,128,0.482925683259964,0.0002970614586956799,0.01723547094499248,0.21062827110290527,0.03568970039486885,0.999419093132019
L15.gate_proj,bitrev,full,64,0.482925683259964,0.0009954330744221807,0.0315504845354581,0.42426538467407227,0.06533197313547134,0.9979596734046936
L15.gate_proj,bitrev,full,32,0.482925683259964,0.003304757410660386,0.05748701949710375,0.6230801939964294,0.11903906613588333,0.99324631690979
L15.gate_proj,bitrev,full,16,0.482925683259964,0.010449756868183613,0.1022240522978013,1.296675205230713,0.21167656779289246,0.9789168834686279
L15.gate_proj,bitrev,halve,128,0.482925683259964,0.00027020808192901313,0.016438007237162693,0.22545933723449707,0.03403837978839874,0.9994215369224548
L15.gate_proj,random,full,256,0.482925683259964,9.246137051377445e-05,0.009615683569761146,0.1442568302154541,0.01991131156682968,0.9998156428337097
L15.gate_proj,random,full,128,0.482925683259964,0.00027693365700542927,0.016641323775632433,0.2506650686264038,0.03445938974618912,0.9994062781333923
L15.gate_proj,random,full,64,0.482925683259964,0.0009546617511659861,0.03089760105843148,0.3125995397567749,0.06398003548383713,0.9979727864265442
L15.gate_proj,random,full,32,0.482925683259964,0.0031090942211449146,0.05575925233667427,0.6358517408370972,0.11546135693788528,0.9934467077255249
L15.gate_proj,random,full,16,0.482925683259964,0.010036339983344078,0.10018153514168206,1.2353136539459229,0.2074471265077591,0.979854166507721
L15.gate_proj,random,halve,128,0.482925683259964,0.0002690461988095194,0.016402627801956594,0.2830621004104614,0.03396511822938919,0.9994256496429443
L15.k_proj,off,full,256,1.6969743967056274,0.001679657376371324,0.04098362327041527,0.27156734466552734,0.024150999262928963,0.9997346997261047
L15.k_proj,off,full,128,1.6969743967056274,0.007613068446516991,0.08725289935880062,0.658757209777832,0.05141674354672432,0.9988921880722046
L15.k_proj,off,full,64,1.6969743967056274,0.039366960525512695,0.19841108972411975,1.4694809913635254,0.11692050844430923,0.9948333501815796
L15.k_proj,off,full,32,1.6969743967056274,0.19296994805335999,0.4392834484172605,3.2536840438842773,0.25886276364326477,0.978026270866394
L15.k_proj,off,full,16,1.6969743967056274,0.9252905249595642,0.9619202279604916,6.713165283203125,0.5668442845344543,0.9249433279037476
L15.k_proj,off,halve,128,1.6969743967056274,0.006641823798418045,0.08149738522442328,0.6356163024902344,0.048025112599134445,0.9989195466041565
L15.k_proj,counter,full,256,1.6969743967056274,0.001679657376371324,0.04098362327041527,0.27156734466552734,0.024150999262928963,0.9997346997261047
L15.k_proj,counter,full,128,1.6969743967056274,0.0045537338592112064,0.06748135934620172,0.3827574551105499,0.03976568952202797,0.9992090463638306
L15.k_proj,counter,full,64,1.6969743967056274,0.015451280400156975,0.12430317936463643,0.6906964778900146,0.07324988394975662,0.9973304271697998
L15.k_proj,counter,full,32,1.6969743967056274,0.0523035004734993,0.22869958564347967,1.15732741355896,0.1347690224647522,0.9910300970077515
L15.k_proj,counter,full,16,1.6969743967056274,0.18962009251117706,0.43545389252041034,3.1797006130218506,0.2566060423851013,0.970048189163208
L15.k_proj,counter,halve,128,1.6969743967056274,0.00452466169372201,0.06726560557760564,0.42343810200691223,0.03963855281472206,0.9992148876190186
L15.k_proj,bitrev,full,256,1.6969743967056274,0.001679657376371324,0.04098362327041527,0.27156734466552734,0.024150999262928963,0.9997346997261047
L15.k_proj,bitrev,full,128,1.6969743967056274,0.004179439507424831,0.06464858472870719,0.3331465721130371,0.03809638321399689,0.9992994070053101
L15.k_proj,bitrev,full,64,1.6969743967056274,0.014056936837732792,0.11856195358432987,0.5954551696777344,0.06986667215824127,0.9975999593734741
L15.k_proj,bitrev,full,32,1.6969743967056274,0.04638739302754402,0.2153773270972226,1.015286922454834,0.12691844999790192,0.9922063946723938
L15.k_proj,bitrev,full,16,1.6969743967056274,0.13645604252815247,0.36939957028690823,2.007030487060547,0.21768128871917725,0.9778634905815125
L15.k_proj,bitrev,halve,128,1.6969743967056274,0.0040111481212079525,0.06333362551763441,0.3111516535282135,0.03732149675488472,0.9993045330047607
L15.k_proj,random,full,256,1.6969743967056274,0.001679657376371324,0.04098362327041527,0.27156734466552734,0.024150999262928963,0.9997346997261047
L15.k_proj,random,full,128,1.6969743967056274,0.003989462740719318,0.0631621939194588,0.3653267025947571,0.03722047433257103,0.9993091821670532
L15.k_proj,random,full,64,1.6969743967056274,0.013272322714328766,0.11520556720197495,0.5908610820770264,0.06788881123065948,0.9976983070373535
L15.k_proj,random,full,32,1.6969743967056274,0.04266323521733284,0.20655080541438914,1.004192590713501,0.12171711027622223,0.992649257183075
L15.k_proj,random,full,16,1.6969743967056274,0.11697674542665482,0.3420186331571057,1.8447980880737305,0.20154613256454468,0.9802629351615906
L15.k_proj,random,halve,128,1.6969743967056274,0.003965234849601984,0.06297011076377414,0.3575446605682373,0.03710728511214256,0.999311625957489
L15.o_proj,off,full,256,0.032729990780353546,2.2780934614274884e-06,0.0015093354370144128,0.03030422329902649,0.04611475020647049,0.9989994168281555
L15.o_proj,off,full,128,0.032729990780353546,9.802213753573596e-06,0.0031308487273539096,0.06863689422607422,0.0956568792462349,0.996092677116394
L15.o_proj,off,full,64,0.032729990780353546,4.61278177681379e-05,0.006791746297391997,0.1802653968334198,0.20750835537910461,0.9836017489433289
L15.o_proj,off,full,32,0.032729990780353546,0.00021570257376879454,0.014686816325153472,0.40643617510795593,0.4487265646457672,0.9383381009101868
L15.o_proj,off,full,16,0.032729990780353546,0.0009890601504594088,0.031449326709158794,0.906471848487854,0.9608718752861023,0.8282924294471741
L15.o_proj,off,halve,128,0.032729990780353546,8.968066140369046e-06,0.0029946729605032077,0.06933790445327759,0.0914962962269783,0.9960496425628662
L15.o_proj,counter,full,256,0.032729990780353546,2.2780934614274884e-06,0.0015093354370144128,0.03030422329902649,0.04611475020647049,0.9989994168281555
L15.o_proj,counter,full,128,0.032729990780353546,6.303283043962438e-06,0.0025106339924334726,0.0401158332824707,0.07670745253562927,0.9970592856407166
L15.o_proj,counter,full,64,0.032729990780353546,2.221119575551711e-05,0.0047128755293893675,0.12022528052330017,0.1439925730228424,0.9898598790168762
L15.o_proj,counter,full,32,0.032729990780353546,7.254071533679962e-05,0.008517083734283679,0.16363072395324707,0.2602226138114929,0.9681556224822998
L15.o_proj,counter,full,16,0.032729990780353546,0.0002322541840840131,0.01523988792885345,0.1880328357219696,0.4656245708465576,0.9072616696357727
L15.o_proj,counter,halve,128,0.032729990780353546,6.232660325622419e-06,0.002496529656467637,0.033118486404418945,0.0762765184044838,0.9970871806144714
L15.o_proj,bitrev,full,256,0.032729990780353546,2.2780934614274884e-06,0.0015093354370144128,0.03030422329902649,0.04611475020647049,0.9989994168281555
L15.o_proj,bitrev,full,128,0.032729990780353546,6.135916464700131e-06,0.00247707821126022,0.04522496461868286,0.07568221539258957,0.997281014919281
L15.o_proj,bitrev,full,64,0.032729990780353546,1.9835539205814712e-05,0.004453710723185186,0.05365900695323944,0.13607430458068848,0.9910297393798828
L15.o_proj,bitrev,full,32,0.032729990780353546,6.19113416178152e-05,0.00786837604705159,0.09425753355026245,0.24040263891220093,0.9728407859802246
L15.o_proj,bitrev,full,16,0.032729990780353546,0.00018709938740357757,0.013678427811834867,0.1076003909111023,0.41791725158691406,0.9227410554885864
L15.o_proj,bitrev,halve,128,0.032729990780353546,5.792785032099346e-06,0.0024068205234498365,0.03648132085800171,0.07353563606739044,0.997298538684845
L15.o_proj,random,full,256,0.032729990780353546,2.2780934614274884e-06,0.0015093354370144128,0.03030422329902649,0.04611475020647049,0.9989994168281555
L15.o_proj,random,full,128,0.032729990780353546,5.731639248551801e-06,0.00239408421918524,0.028619050979614258,0.07314649969339371,0.9973342418670654
L15.o_proj,random,full,64,0.032729990780353546,1.8805252693709917e-05,0.0043365023571664205,0.0640265941619873,0.13249322772026062,0.9914042949676514
L15.o_proj,random,full,32,0.032729990780353546,5.8214118325849995e-05,0.007629817712491564,0.06232500076293945,0.23311395943164825,0.9742604494094849
L15.o_proj,random,full,16,0.032729990780353546,0.00016462542407680303,0.012830643946303047,0.10085606575012207,0.39201489090919495,0.9323166608810425
L15.o_proj,random,halve,128,0.032729990780353546,5.634060926240636e-06,0.0023736176874637237,0.033107876777648926,0.07252117991447449,0.9973689317703247
L15.q_proj,off,full,256,1.0098609924316406,0.0007627534796483815,0.027617991955397145,0.22917842864990234,0.027348311617970467,0.9996601343154907
L15.q_proj,off,full,128,1.0098609924316406,0.003391697071492672,0.05823827840426494,0.6500871181488037,0.05766960233449936,0.9986004829406738
L15.q_proj,off,full,64,1.0098609924316406,0.017428159713745117,0.13201575555116563,1.5351901054382324,0.1307266652584076,0.993589460849762
L15.q_proj,off,full,32,1.0098609924316406,0.08368013799190521,0.28927519422153225,3.6667251586914062,0.28645050525665283,0.9736731052398682
L15.q_proj,off,full,16,1.0098609924316406,0.40293049812316895,0.634768066401555,8.200105667114258,0.6285697221755981,0.9112717509269714
L15.q_proj,off,halve,128,1.0098609924316406,0.003027100581675768,0.05501909288306894,0.6055915355682373,0.05448184907436371,0.9986079335212708
L15.q_proj,counter,full,256,1.0098609924316406,0.0007627534796483815,0.027617991955397145,0.22917842864990234,0.027348311617970467,0.9996601343154907
L15.q_proj,counter,full,128,1.0098609924316406,0.002170796738937497,0.04659180978388259,0.36047041416168213,0.04613685980439186,0.9989352226257324
L15.q_proj,counter,full,64,1.0098609924316406,0.007503454573452473,0.08662248307138554,0.7526595592498779,0.08577664941549301,0.9963459968566895
L15.q_proj,counter,full,32,1.0098609924316406,0.02505485527217388,0.15828725555828518,1.4138226509094238,0.15674163401126862,0.9879065752029419
L15.q_proj,counter,full,16,1.0098609924316406,0.08853811770677567,0.29755355435076836,2.873979091644287,0.29464805126190186,0.9617475867271423
L15.q_proj,counter,halve,128,1.0098609924316406,0.0021418153773993254,0.046279751267690766,0.3695319890975952,0.04582784324884415,0.9989498853683472
L15.q_proj,bitrev,full,256,1.0098609924316406,0.0007627534796483815,0.027617991955397145,0.22917842864990234,0.027348311617970467,0.9996601343154907
L15.q_proj,bitrev,full,128,1.0098609924316406,0.002008386654779315,0.04481502710898784,0.42874443531036377,0.04437742382287979,0.9990568161010742
L15.q_proj,bitrev,full,64,1.0098609924316406,0.006761525757610798,0.08222849723551318,0.6563582420349121,0.08142556995153427,0.9967889785766602
L15.q_proj,bitrev,full,32,1.0098609924316406,0.021901369094848633,0.1479911115400132,1.2100627422332764,0.14654603600502014,0.9896411895751953
L15.q_proj,bitrev,full,16,1.0098609924316406,0.06636121869087219,0.25760671321002526,2.300297498703003,0.25509124994277954,0.969406247138977
L15.q_proj,bitrev,halve,128,1.0098609924316406,0.0019280981505289674,0.04391011444449863,0.3922898769378662,0.04348134621977806,0.9990542531013489
L15.q_proj,random,full,256,1.0098609924316406,0.0007627534796483815,0.027617991955397145,0.22917842864990234,0.027348311617970467,0.9996601343154907
L15.q_proj,random,full,128,1.0098609924316406,0.001889189938083291,0.04346481264291025,0.48029232025146484,0.04304039105772972,0.9990742206573486
L15.q_proj,random,full,64,1.0098609924316406,0.0065313782542943954,0.08081694286654498,0.6943914890289307,0.08002778887748718,0.9968054294586182
L15.q_proj,random,full,32,1.0098609924316406,0.020680803805589676,0.14380821883880515,1.2746524810791016,0.1424039751291275,0.9899069666862488
L15.q_proj,random,full,16,1.0098609924316406,0.058552734553813934,0.24197672316529525,2.029451847076416,0.23961390554904938,0.972929060459137
L15.q_proj,random,halve,128,1.0098609924316406,0.0018720021471381187,0.04326664011843442,0.5000674724578857,0.04284415766596794,0.9990817308425903
L15.up_proj,off,full,256,0.24168626964092255,6.012703670421615e-05,0.007754162540482122,0.04836076498031616,0.03208358958363533,0.9995248317718506
L15.up_proj,off,full,128,0.24168626964092255,0.00025039020692929626,0.015823722916219692,0.09911727905273438,0.06547216325998306,0.9982420206069946
L15.up_proj,off,full,64,0.24168626964092255,0.0011653915280476213,0.03413783133193468,0.25476551055908203,0.14124853909015656,0.9928620457649231
L15.up_proj,off,full,32,0.24168626964092255,0.005340730771422386,0.07308030358052973,0.5607802867889404,0.30237671732902527,0.9725240468978882
L15.up_proj,off,full,16,0.24168626964092255,0.024678954854607582,0.15709536866059287,1.3198821544647217,0.6499970555305481,0.9104781746864319
L15.up_proj,off,halve,128,0.24168626964092255,0.00021259252389427274,0.014580552935134961,0.09567973017692566,0.06032842770218849,0.9982713460922241
L15.up_proj,counter,full,256,0.24168626964092255,6.012703670421615e-05,0.007754162540482122,0.04836076498031616,0.03208358958363533,0.9995248317718506
L15.up_proj,counter,full,128,0.24168626964092255,0.00019456606241874397,0.01394869393236313,0.08399562537670135,0.05771405249834061,0.9983365535736084
L15.up_proj,counter,full,64,0.24168626964092255,0.0006879089050926268,0.026228017559331983,0.1964758336544037,0.10852093249559402,0.9941675066947937
L15.up_proj,counter,full,32,0.24168626964092255,0.0023549729958176613,0.048528064002365284,0.34047555923461914,0.20078949630260468,0.980450451374054
L15.up_proj,counter,full,16,0.24168626964092255,0.007913125678896904,0.08895575124125986,0.5113096237182617,0.36806291341781616,0.9390702247619629
L15.up_proj,counter,halve,128,0.24168626964092255,0.00019047618843615055,0.013801311112939616,0.08743973076343536,0.057104241102933884,0.9983693957328796
L15.up_proj,bitrev,full,256,0.24168626964092255,6.012703670421615e-05,0.007754162540482122,0.04836076498031616,0.03208358958363533,0.9995248317718506
L15.up_proj,bitrev,full,128,0.24168626964092255,0.00018928224744740874,0.013757988495685288,0.08452844619750977,0.05692499130964279,0.998455286026001
L15.up_proj,bitrev,full,64,0.24168626964092255,0.0006559561588801444,0.025611641081354868,0.15922106802463531,0.10597061365842819,0.9945902228355408
L15.up_proj,bitrev,full,32,0.24168626964092255,0.002179659204557538,0.04668682045885689,0.2895664870738983,0.1931711882352829,0.9823203086853027
L15.up_proj,bitrev,full,16,0.24168626964092255,0.007130979560315609,0.084445127510802,0.4395522475242615,0.34939977526664734,0.9452803134918213
L15.up_proj,bitrev,halve,128,0.24168626964092255,0.0001802616025088355,0.013426153675153412,0.08035172522068024,0.05555199459195137,0.9984573125839233
L15.up_proj,random,full,256,0.24168626964092255,6.012703670421615e-05,0.007754162540482122,0.04836076498031616,0.03208358958363533,0.9995248317718506
L15.up_proj,random,full,128,0.24168626964092255,0.00018462588195689023,0.013587710695952068,0.08479505777359009,0.05622045323252678,0.9984200596809387
L15.up_proj,random,full,64,0.24168626964092255,0.0006392409559339285,0.02528321490502995,0.1887052059173584,0.10461171716451645,0.9945935010910034
L15.up_proj,random,full,32,0.24168626964092255,0.0020876675844192505,0.04569100113172451,0.21640656888484955,0.18905088305473328,0.9826462864875793
L15.up_proj,random,full,16,0.24168626964092255,0.006679144687950611,0.08172603433392943,0.4237444996833801,0.3381492495536804,0.9477099180221558
L15.up_proj,random,halve,128,0.24168626964092255,0.00017938287055585533,0.013393389061617501,0.08439239859580994,0.05541642755270004,0.9984642267227173
L15.v_proj,off,full,256,0.2450345754623413,0.00022152173914946616,0.01488360638922792,0.0774652361869812,0.060740839689970016,0.9983296990394592
L15.v_proj,off,full,128,0.2450345754623413,0.0009798675309866667,0.031302835829788114,0.13749492168426514,0.12774865329265594,0.9932987689971924
L15.v_proj,off,full,64,0.2450345754623413,0.0048943692818284035,0.06995976902354956,0.34828412532806396,0.28550976514816284,0.9726717472076416
L15.v_proj,off,full,32,0.2450345754623413,0.023610686883330345,0.15365769386311362,0.7844866514205933,0.62708580493927,0.9074275493621826
L15.v_proj,off,full,16,0.2450345754623413,0.11296609789133072,0.3361042961512553,1.6379201412200928,1.371660590171814,0.7793222665786743
L15.v_proj,off,halve,128,0.2450345754623413,0.0009213293669745326,0.030353407831321552,0.13853533565998077,0.12387397885322571,0.9931610822677612
L15.v_proj,counter,full,256,0.2450345754623413,0.00022152173914946616,0.01488360638922792,0.0774652361869812,0.060740839689970016,0.9983296990394592
L15.v_proj,counter,full,128,0.2450345754623413,0.0006323585985228419,0.02514674131021437,0.12293088436126709,0.1026252806186676,0.9947517514228821
L15.v_proj,counter,full,64,0.2450345754623413,0.0021475886460393667,0.04634208288412776,0.2433379888534546,0.18912465870380402,0.982545018196106
L15.v_proj,counter,full,32,0.2450345754623413,0.007369323167949915,0.08584476202978208,0.38283640146255493,0.35033732652664185,0.9443163871765137
L15.v_proj,counter,full,16,0.2450345754623413,0.025467772036790848,0.15958625265601936,0.8267804384231567,0.6512805819511414,0.8535423278808594
L15.v_proj,counter,halve,128,0.2450345754623413,0.0006310944445431232,0.025121593192771897,0.12426453828811646,0.10252264887094498,0.9947391748428345
L15.v_proj,bitrev,full,256,0.2450345754623413,0.00022152173914946616,0.01488360638922792,0.0774652361869812,0.060740839689970016,0.9983296990394592
L15.v_proj,bitrev,full,128,0.2450345754623413,0.0005912682390771806,0.024316007877058697,0.1168099045753479,0.09923500567674637,0.9951980113983154
L15.v_proj,bitrev,full,64,0.2450345754623413,0.0019731184002012014,0.044419797390366396,0.21244199573993683,0.181279718875885,0.9843000769615173
L15.v_proj,bitrev,full,32,0.2450345754623413,0.006464770529419184,0.08040379673509941,0.3771689236164093,0.3281324505805969,0.951308012008667
L15.v_proj,bitrev,full,16,0.2450345754623413,0.0196754802018404,0.1402693131153083,0.6120221614837646,0.5724469423294067,0.8723741173744202
L15.v_proj,bitrev,halve,128,0.2450345754623413,0.0005845087580382824,0.02417661593437515,0.1343281865119934,0.09866613894701004,0.9951289892196655
L15.v_proj,random,full,256,0.2450345754623413,0.00022152173914946616,0.01488360638922792,0.0774652361869812,0.060740839689970016,0.9983296990394592
L15.v_proj,random,full,128,0.2450345754623413,0.0005656901630572975,0.023784241906297906,0.12393573671579361,0.09706483781337738,0.9953002333641052
L15.v_proj,random,full,64,0.2450345754623413,0.0018932349048554897,0.04351131927275349,0.20111067593097687,0.17757216095924377,0.9846177101135254
L15.v_proj,random,full,32,0.2450345754623413,0.006038322113454342,0.07770664137288615,0.35140687227249146,0.31712520122528076,0.9526982307434082
L15.v_proj,random,full,16,0.2450345754623413,0.017108354717493057,0.1307989094659931,0.6223745346069336,0.5337977409362793,0.8793622255325317
L15.v_proj,random,halve,128,0.2450345754623413,0.0005630534142255783,0.02372874657931974,0.11735270172357559,0.09683836251497269,0.9953057169914246
L31.down_proj,off,full,256,2.465548276901245,0.002489774953573942,0.049897644769807944,3.397705078125,0.02023794874548912,0.9998308420181274
L31.down_proj,off,full,128,2.465548276901245,0.012375004589557648,0.11124299793496059,7.910125732421875,0.045118968933820724,0.9992225766181946
L31.down_proj,off,full,64,2.465548276901245,0.06960465013980865,0.2638269321729847,17.700958251953125,0.10700537264347076,0.9959378838539124
L31.down_proj,off,full,32,2.465548276901245,0.35269665718078613,0.5938826964820462,37.7991943359375,0.24087245762348175,0.9819741249084473
L31.down_proj,off,full,16,2.465548276901245,1.664141058921814,1.290015914212617,78.5853271484375,0.5232166051864624,0.9361135959625244
L31.down_proj,off,halve,128,2.465548276901245,0.011527997441589832,0.10736851233760218,7.783721923828125,0.04354751855134964,0.999251663684845
L31.down_proj,counter,full,256,2.465548276901245,0.002489774953573942,0.049897644769807944,3.397705078125,0.02023794874548912,0.9998308420181274
L31.down_proj,counter,full,128,2.465548276901245,0.0035356972366571426,0.05946172917648075,0.6892414093017578,0.024117039516568184,0.9997100830078125
L31.down_proj,counter,full,64,2.465548276901245,0.011744111776351929,0.10837025318947967,1.748321533203125,0.04395381361246109,0.999046802520752
L31.down_proj,counter,full,32,2.465548276901245,0.038904137909412384,0.1972413189709813,4.376739501953125,0.07999896258115768,0.9969261288642883
L31.down_proj,counter,full,16,2.465548276901245,0.12407828122377396,0.3522474715647707,6.93670654296875,0.1428677886724472,0.9905410408973694
L31.down_proj,counter,halve,128,2.465548276901245,0.003512219525873661,0.05926398169102091,0.9811477661132812,0.024036837741732597,0.9997115135192871
L31.down_proj,bitrev,full,256,2.465548276901245,0.002489774953573942,0.049897644769807944,3.397705078125,0.02023794874548912,0.9998308420181274
L31.down_proj,bitrev,full,128,2.465548276901245,0.002997784875333309,0.05475203078729874,0.5625381469726562,0.022206837311387062,0.9997549057006836
L31.down_proj,bitrev,full,64,2.465548276901245,0.009045654907822609,0.09510864791291383,0.9251823425292969,0.03857504948973656,0.9992597699165344
L31.down_proj,bitrev,full,32,2.465548276901245,0.024970361962914467,0.1580201315115086,1.71124267578125,0.0640912801027298,0.9979473352432251
L31.down_proj,bitrev,full,16,2.465548276901245,0.07197154313325882,0.2682751258191091,2.17529296875,0.10880952328443527,0.9941308498382568
L31.down_proj,bitrev,halve,128,2.465548276901245,0.002947864355519414,0.054294238695458415,0.5643768310546875,0.022021163254976273,0.9997575879096985
L31.down_proj,random,full,256,2.465548276901245,0.002489774953573942,0.049897644769807944,3.397705078125,0.02023794874548912,0.9998308420181274
L31.down_proj,random,full,128,2.465548276901245,0.0027385419234633446,0.05233107989964802,1.09429931640625,0.02122492343187332,0.9997758269309998
L31.down_proj,random,full,64,2.465548276901245,0.007951013743877411,0.08916845711280089,1.4246826171875,0.03616577014327049,0.9993469715118408
L31.down_proj,random,full,32,2.465548276901245,0.022159632295370102,0.14886111747320085,1.5008983612060547,0.060376472771167755,0.998175859451294
L31.down_proj,random,full,16,2.465548276901245,0.05855030566453934,0.24197170426423692,1.8420615196228027,0.0981411263346672,0.9951996207237244
L31.down_proj,random,halve,128,2.465548276901245,0.0027111019007861614,0.052068242728040684,1.12158203125,0.021118320524692535,0.9997794032096863
L31.gate_proj,off,full,256,1.1037908792495728,0.0001709986972855404,0.013076647019994858,0.5521984100341797,0.01184703316539526,0.9999502897262573
L31.gate_proj,off,full,128,1.1037908792495728,0.0009609173866920173,0.03099866749865254,1.1830272674560547,0.02808382362127304,0.9998286962509155
L31.gate_proj,off,full,64,1.1037908792495728,0.004807951860129833,0.06933939616213738,2.447896957397461,0.06281932443380356,0.999320924282074
L31.gate_proj,off,full,32,1.1037908792495728,0.021538658067584038,0.14676054669966326,4.99583625793457,0.1329604685306549,0.9973410964012146
L31.gate_proj,off,full,16,1.1037908792495728,0.0940280482172966,0.3066399325223259,10.10274887084961,0.27780619263648987,0.9906727075576782
L31.gate_proj,off,halve,128,1.1037908792495728,0.0004587752337101847,0.021419039047309865,1.1740436553955078,0.019404979422688484,0.9998337030410767
L31.gate_proj,counter,full,256,1.1037908792495728,0.0001709986972855404,0.013076647019994858,0.5521984100341797,0.01184703316539526,0.9999502897262573
L31.gate_proj,counter,full,128,1.1037908792495728,0.00038157158996909857,0.01953385752914919,0.319185733795166,0.017697064206004143,0.9998434782028198
L31.gate_proj,counter,full,64,1.1037908792495728,0.0012803595745936036,0.03578211249484306,0.6319389343261719,0.03241747245192528,0.999475359916687
L31.gate_proj,counter,full,32,1.1037908792495728,0.004269288387149572,0.06533979175930676,1.1327464580535889,0.059195805341005325,0.9982487559318542
L31.gate_proj,counter,full,16,1.1037908792495728,0.014617441222071648,0.12090261048493389,1.6560359001159668,0.10953398048877716,0.9940190315246582
L31.gate_proj,counter,halve,128,1.1037908792495728,0.00037874229019507766,0.01946130237664164,0.2994093894958496,0.017631329596042633,0.9998520612716675
L31.gate_proj,bitrev,full,256,1.1037908792495728,0.0001709986972855404,0.013076647019994858,0.5521984100341797,0.01184703316539526,0.9999502897262573
L31.gate_proj,bitrev,full,128,1.1037908792495728,0.0004994490300305188,0.02234835631608103,0.38425636291503906,0.02024691179394722,0.9998645782470703
L31.gate_proj,bitrev,full,64,1.1037908792495728,0.0013005383079871535,0.03606297697067109,0.5600662231445312,0.03267192840576172,0.999534010887146
L31.gate_proj,bitrev,full,32,1.1037908792495728,0.004062896128743887,0.06374085133369248,0.8692502975463867,0.057747215032577515,0.998435378074646
L31.gate_proj,bitrev,full,16,1.1037908792495728,0.0134339714422822,0.11590501042785942,1.4871387481689453,0.10500631481409073,0.9948509931564331
L31.gate_proj,bitrev,halve,128,1.1037908792495728,0.000338775193085894,0.01840584670929034,0.39165687561035156,0.01667512021958828,0.9998660087585449
L31.gate_proj,random,full,256,1.1037908792495728,0.0001709986972855404,0.013076647019994858,0.5521984100341797,0.01184703316539526,0.9999502897262573
L31.gate_proj,random,full,128,1.1037908792495728,0.0003412723890505731,0.01847355918740547,0.22158241271972656,0.0167364664375782,0.9998605251312256
L31.gate_proj,random,full,64,1.1037908792495728,0.0011648490326479077,0.034129884744134545,0.5281810760498047,0.0309206061065197,0.9995322823524475
L31.gate_proj,random,full,32,1.1037908792495728,0.0038448867853730917,0.06200715108254121,0.7797684669494629,0.05617653951048851,0.9984517097473145
L31.gate_proj,random,full,16,1.1037908792495728,0.012437400408089161,0.11152309360885378,1.499485969543457,0.1010364294052124,0.994976282119751
L31.gate_proj,random,halve,128,1.1037908792495728,0.0003279689990449697,0.018109914385357254,0.23932933807373047,0.016407014802098274,0.9998677968978882
L31.k_proj,off,full,256,1.8317227363586426,0.0010104343527927995,0.031787330067069165,0.20064544677734375,0.017353789880871773,0.9999022483825684
L31.k_proj,off,full,128,1.8317227363586426,0.006029414478689432,0.07764930443145922,0.5326318740844727,0.04239140823483467,0.9995748996734619
L31.k_proj,off,full,64,1.8317227363586426,0.03361701965332031,0.18334944683123622,1.3242101669311523,0.10009672492742538,0.9981212019920349
L31.k_proj,off,full,32,1.8317227363586426,0.16660091280937195,0.4081677508198951,2.8545026779174805,0.22283270955085754,0.992281973361969
L31.k_proj,off,full,16,1.8317227363586426,0.8045516610145569,0.8969680379002124,6.624277114868164,0.4896854758262634,0.9738847613334656
L31.k_proj,off,halve,128,1.8317227363586426,0.0035452984739094973,0.05954240903683271,0.3488626480102539,0.03250623494386673,0.9996028542518616
L31.k_proj,counter,full,256,1.8317227363586426,0.0010104343527927995,0.031787330067069165,0.20064544677734375,0.017353789880871773,0.9999022483825684
L31.k_proj,counter,full,128,1.8317227363586426,0.0021328697912395,0.0461830032721942,0.2531644105911255,0.025212878361344337,0.9996849298477173
L31.k_proj,counter,full,64,1.8317227363586426,0.00729299196973443,0.08539901621057722,0.49773144721984863,0.04662223905324936,0.9989131689071655
L31.k_proj,counter,full,32,1.8317227363586426,0.023856187239289284,0.15445448274261672,0.863484263420105,0.08432197570800781,0.9964583516120911
L31.k_proj,counter,full,16,1.8317227363586426,0.08134900033473969,0.28521746148288274,1.6161324977874756,0.15570996701717377,0.988325834274292
L31.k_proj,counter,halve,128,1.8317227363586426,0.002277074148878455,0.04771869810544348,0.24127626419067383,0.026051266118884087,0.9996827244758606
L31.k_proj,bitrev,full,256,1.8317227363586426,0.0010104343527927995,0.031787330067069165,0.20064544677734375,0.017353789880871773,0.9999022483825684
L31.k_proj,bitrev,full,128,1.8317227363586426,0.002173325279727578,0.0466189369218945,0.24708843231201172,0.025450868532061577,0.9997178316116333
L31.k_proj,bitrev,full,64,1.8317227363586426,0.006919819861650467,0.08318545462790035,0.4676218032836914,0.0454137809574604,0.9990241527557373
L31.k_proj,bitrev,full,32,1.8317227363586426,0.022936582565307617,0.15144828346768285,0.8010190725326538,0.08268079906702042,0.996760904788971
L31.k_proj,bitrev,full,16,1.8317227363586426,0.06983400881290436,0.2642612510620964,1.357717514038086,0.14426922798156738,0.9902040958404541
L31.k_proj,bitrev,halve,128,1.8317227363586426,0.0020145736634731293,0.044884002311214734,0.2127234935760498,0.024503709748387337,0.9997135400772095
L31.k_proj,random,full,256,1.8317227363586426,0.0010104343527927995,0.031787330067069165,0.20064544677734375,0.017353789880871773,0.9999022483825684
L31.k_proj,random,full,128,1.8317227363586426,0.001965648028999567,0.04433562934028981,0.3023221492767334,0.024204332381486893,0.9997072219848633
L31.k_proj,random,full,64,1.8317227363586426,0.00668452400714159,0.0817589383929463,0.47337138652801514,0.044634997844696045,0.9990068674087524
L31.k_proj,random,full,32,1.8317227363586426,0.020762784406542778,0.14409297139882563,0.8915715217590332,0.07866527140140533,0.996925950050354
L31.k_proj,random,full,16,1.8317227363586426,0.06222745031118393,0.24945430505642496,1.3023070096969604,0.13618561625480652,0.9907573461532593
L31.k_proj,random,halve,128,1.8317227363586426,0.001991978846490383,0.044631590230355705,0.299548864364624,0.02436590939760208,0.9997081756591797
L31.o_proj,off,full,256,0.22321583330631256,3.255514820921235e-05,0.005705711893288369,0.1142888069152832,0.025561410933732986,0.9997183084487915
L31.o_proj,off,full,128,0.22321583330631256,0.00014348505646921694,0.011978524803548095,0.300295352935791,0.05366342142224312,0.9989847540855408
L31.o_proj,off,full,64,0.22321583330631256,0.0006798566319048405,0.026074060518163265,0.7570841312408447,0.11681097745895386,0.996003270149231
L31.o_proj,off,full,32,0.22321583330631256,0.003075977088883519,0.055461491946065776,1.405588150024414,0.24846576154232025,0.9851205945014954
L31.o_proj,off,full,16,0.22321583330631256,0.013576425611972809,0.11651791970324912,2.7131214141845703,0.5219966769218445,0.9508771896362305
L31.o_proj,off,halve,128,0.22321583330631256,0.00010530529834795743,0.010261836987009559,0.20142361521720886,0.045972712337970734,0.9990071058273315
L31.o_proj,counter,full,256,0.22321583330631256,3.255514820921235e-05,0.005705711893288369,0.1142888069152832,0.025561410933732986,0.9997183084487915
L31.o_proj,counter,full,128,0.22321583330631256,0.00010151792230317369,0.010075610269515872,0.1888265609741211,0.04513842239975929,0.9989950656890869
L31.o_proj,counter,full,64,0.22321583330631256,0.00035514208138920367,0.018845213752812773,0.4837847948074341,0.08442597091197968,0.9964809417724609
L31.o_proj,counter,full,32,0.22321583330631256,0.001197702600620687,0.03460784016116416,0.7383944988250732,0.15504205226898193,0.9882909655570984
L31.o_proj,counter,full,16,0.22321583330631256,0.004096221644431353,0.06400173157369535,1.5625054836273193,0.2867257595062256,0.9609522819519043
L31.o_proj,counter,halve,128,0.22321583330631256,9.66424704529345e-05,0.009830690232782971,0.21055114269256592,0.044041186571121216,0.999031662940979
L31.o_proj,bitrev,full,256,0.22321583330631256,3.255514820921235e-05,0.005705711893288369,0.1142888069152832,0.025561410933732986,0.9997183084487915
L31.o_proj,bitrev,full,128,0.22321583330631256,0.0001013186847558245,0.0100657182930889,0.2806500196456909,0.04509410634636879,0.999043881893158
L31.o_proj,bitrev,full,64,0.22321583330631256,0.0003453335666563362,0.018583152764166156,0.37080490589141846,0.0832519382238388,0.9967401027679443
L31.o_proj,bitrev,full,32,0.22321583330631256,0.0011646888451650739,0.03412753793002176,0.7618241310119629,0.15289030969142914,0.9886903762817383
L31.o_proj,bitrev,full,16,0.22321583330631256,0.0038040021900087595,0.06167659353440946,1.2936806678771973,0.27630922198295593,0.9661409854888916
L31.o_proj,bitrev,halve,128,0.22321583330631256,9.915502596413717e-05,0.009957661671503866,0.22956466674804688,0.04461001232266426,0.9990187287330627
L31.o_proj,random,full,256,0.22321583330631256,3.255514820921235e-05,0.005705711893288369,0.1142888069152832,0.025561410933732986,0.9997183084487915
L31.o_proj,random,full,128,0.22321583330631256,0.00010153141192859039,0.010076279667049262,0.23500478267669678,0.045141421258449554,0.9989808797836304
L31.o_proj,random,full,64,0.22321583330631256,0.0003464769688434899,0.018613891824212633,0.3885260820388794,0.08338965475559235,0.9965463280677795
L31.o_proj,random,full,32,0.22321583330631256,0.0010973981115967035,0.033126999737324594,0.7908179759979248,0.1484079211950302,0.9892550110816956
L31.o_proj,random,full,16,0.22321583330631256,0.0034012545365840197,0.058320275518759505,1.2747737169265747,0.26127302646636963,0.9680697917938232
L31.o_proj,random,halve,128,0.22321583330631256,9.748970478540286e-05,0.00987368749684751,0.21865320205688477,0.044233810156583786,0.999030590057373
L31.q_proj,off,full,256,1.3434549570083618,0.0005146292969584465,0.022685442401647063,0.2605400085449219,0.016885897144675255,0.9999169111251831
L31.q_proj,off,full,128,1.3434549570083618,0.003139269072562456,0.05602918054516286,0.7104587554931641,0.041705287992954254,0.9996619820594788
L31.q_proj,off,full,64,1.3434549570083618,0.01773703657090664,0.13318046617618756,1.7871103286743164,0.09913280606269836,0.9985552430152893
L31.q_proj,off,full,32,1.3434549570083618,0.08665648102760315,0.29437472892149413,4.289834976196289,0.2191176563501358,0.9943426251411438
L31.q_proj,off,full,16,1.3434549570083618,0.4177928864955902,0.6463690018059268,10.202545166015625,0.4811244010925293,0.9809305667877197
L31.q_proj,off,halve,128,1.3434549570083618,0.0016889102989807725,0.04109635384046585,0.4179706573486328,0.03059004619717598,0.9996775984764099
L31.q_proj,counter,full,256,1.3434549570083618,0.0005146292969584465,0.022685442401647063,0.2605400085449219,0.016885897144675255,0.9999169111251831
L31.q_proj,counter,full,128,1.3434549570083618,0.001008321763947606,0.03175408263432603,0.21926122903823853,0.02363613434135914,0.9997231960296631
L31.q_proj,counter,full,64,1.3434549570083618,0.0034521971829235554,0.05875540130850572,0.45992040634155273,0.04373455047607422,0.9990465641021729
L31.q_proj,counter,full,32,1.3434549570083618,0.011499124579131603,0.10723397119911024,0.7349557876586914,0.07981954514980316,0.9968221187591553
L31.q_proj,counter,full,16,1.3434549570083618,0.03854747489094734,0.1963351086559593,1.2206429243087769,0.1461419314146042,0.9896783828735352
L31.q_proj,counter,halve,128,1.3434549570083618,0.001092082355171442,0.03304666935065381,0.2751455307006836,0.024598268792033195,0.9997228980064392
L31.q_proj,bitrev,full,256,1.3434549570083618,0.0005146292969584465,0.022685442401647063,0.2605400085449219,0.016885897144675255,0.9999169111251831
L31.q_proj,bitrev,full,128,1.3434549570083618,0.0010729788336902857,0.03275635562284494,0.4214286804199219,0.024382175877690315,0.9997479319572449
L31.q_proj,bitrev,full,64,1.3434549570083618,0.0032851456198841333,0.05731618985839981,0.5929479598999023,0.042663272470235825,0.9991443157196045
L31.q_proj,bitrev,full,32,1.3434549570083618,0.010628256015479565,0.10309343342560459,0.7791080474853516,0.07673753798007965,0.9971956014633179
L31.q_proj,bitrev,full,16,1.3434549570083618,0.034208692610263824,0.18495592072238137,1.3923225402832031,0.1376718282699585,0.9911010265350342
L31.q_proj,bitrev,halve,128,1.3434549570083618,0.000977333984337747,0.03126234131247606,0.32440757751464844,0.023270105943083763,0.9997466802597046
L31.q_proj,random,full,256,1.3434549570083618,0.0005146292969584465,0.022685442401647063,0.2605400085449219,0.016885897144675255,0.9999169111251831
L31.q_proj,random,full,128,1.3434549570083618,0.0009084428893402219,0.03014038635021492,0.2502899169921875,0.022434979677200317,0.9997482895851135
L31.q_proj,random,full,64,1.3434549570083618,0.003077202709391713,0.05547254013826763,0.47749948501586914,0.04129095748066902,0.9991490244865417
L31.q_proj,random,full,32,1.3434549570083618,0.010005638003349304,0.10002818604448101,0.6953277587890625,0.07445593178272247,0.9972304105758667
L31.q_proj,random,full,16,1.3434549570083618,0.03038540855050087,0.17431410886816037,1.0416784286499023,0.12975060939788818,0.9915920495986938
L31.q_proj,random,halve,128,1.3434549570083618,0.0009306289721280336,0.03050621202522584,0.32907772064208984,0.02270728163421154,0.9997513294219971
L31.up_proj,off,full,256,0.7817633152008057,0.00011058291420340538,0.010515841107748128,0.3787708282470703,0.013451437465846539,0.999929666519165
L31.up_proj,off,full,128,0.7817633152008057,0.0005854495684616268,0.02419606514418464,1.065896987915039,0.030950624495744705,0.9997504949569702
L31.up_proj,off,full,64,0.7817633152008057,0.0028810612857341766,0.053675518495252345,2.818246841430664,0.06865955144166946,0.9990163445472717
L31.up_proj,off,full,32,0.7817633152008057,0.012842693366110325,0.1133256077244253,6.417379379272461,0.14496152102947235,0.996187686920166
L31.up_proj,off,full,16,0.7817633152008057,0.05684135481715202,0.23841425044898643,13.52433967590332,0.304969847202301,0.9867942333221436
L31.up_proj,off,halve,128,0.7817633152008057,0.0003187136317137629,0.017852552526565015,0.9612483978271484,0.022836262360215187,0.9997608661651611
L31.up_proj,counter,full,256,0.7817633152008057,0.00011058291420340538,0.010515841107748128,0.3787708282470703,0.013451437465846539,0.999929666519165
L31.up_proj,counter,full,128,0.7817633152008057,0.00026186456670984626,0.01618222996715367,0.33513450622558594,0.020699653774499893,0.9997856616973877
L31.up_proj,counter,full,64,0.7817633152008057,0.0008677147561684251,0.02945699842428663,0.3492758274078369,0.03768019750714302,0.9992901682853699
L31.up_proj,counter,full,32,0.7817633152008057,0.002945452695712447,0.0542720249826045,0.6878485679626465,0.06942257285118103,0.9976049661636353
L31.up_proj,counter,full,16,0.7817633152008057,0.009999685920774937,0.09999842959154377,1.1065478324890137,0.1279139369726181,0.9919228553771973
L31.up_proj,counter,halve,128,0.7817633152008057,0.0002572664525359869,0.01603952781524403,0.3133716583251953,0.02051711268723011,0.9997970461845398
L31.up_proj,bitrev,full,256,0.7817633152008057,0.00011058291420340538,0.010515841107748128,0.3787708282470703,0.013451437465846539,0.999929666519165
L31.up_proj,bitrev,full,128,0.7817633152008057,0.0003105635696556419,0.017622813897208413,0.31978607177734375,0.02254238910973072,0.9998128414154053
L31.up_proj,bitrev,full,64,0.7817633152008057,0.0008790009305812418,0.029647949854606167,0.5666027069091797,0.03792445734143257,0.9993653297424316
L31.up_proj,bitrev,full,32,0.7817633152008057,0.0028105995152145624,0.05301508761866345,1.1143336296081543,0.06781475245952606,0.9978501200675964
L31.up_proj,bitrev,full,16,0.7817633152008057,0.009213902987539768,0.09598907743873658,1.4952998161315918,0.12278534471988678,0.9929561614990234
L31.up_proj,bitrev,halve,128,0.7817633152008057,0.00023305072681978345,0.015265999044274288,0.4141407012939453,0.019527647644281387,0.9998146295547485
L31.up_proj,random,full,256,0.7817633152008057,0.00011058291420340538,0.010515841107748128,0.3787708282470703,0.013451437465846539,0.999929666519165
L31.up_proj,random,full,128,0.7817633152008057,0.00023700480232946575,0.015394960289960664,0.4219684600830078,0.01969260908663273,0.9998065233230591
L31.up_proj,random,full,64,0.7817633152008057,0.0007978810463100672,0.028246788247694058,0.43537187576293945,0.036132149398326874,0.9993537664413452
L31.up_proj,random,full,32,0.7817633152008057,0.0026316423900425434,0.0512995359632282,0.6123733520507812,0.0656202882528305,0.9978885650634766
L31.up_proj,random,full,16,0.7817633152008057,0.008582983165979385,0.0926443909040336,1.183936595916748,0.11850695312023163,0.9930989742279053
L31.up_proj,random,halve,128,0.7817633152008057,0.00022797788551542908,0.015098936569024625,0.5111541748046875,0.01931394822895527,0.9998169541358948
L31.v_proj,off,full,256,0.5662640333175659,0.00032745697535574436,0.018095772306142236,0.10671529173851013,0.031956423074007034,0.9995729923248291
L31.v_proj,off,full,128,0.5662640333175659,0.0015419782139360905,0.03926803043107829,0.24251532554626465,0.06934579461812973,0.9983233213424683
L31.v_proj,off,full,64,0.5662640333175659,0.007709675468504429,0.08780475766440238,0.6404967308044434,0.15505975484848022,0.993105947971344
L31.v_proj,off,full,32,0.5662640333175659,0.0376003235578537,0.19390802860597006,1.3350813388824463,0.34243398904800415,0.9733813405036926
L31.v_proj,off,full,16,0.5662640333175659,0.18064938485622406,0.42502868709797,3.311793327331543,0.7505839467048645,0.9193143844604492
L31.v_proj,off,halve,128,0.5662640333175659,0.0011895574862137437,0.034489962108035774,0.19047552347183228,0.060907915234565735,0.9983748197555542
L31.v_proj,counter,full,256,0.5662640333175659,0.00032745697535574436,0.018095772306142236,0.10671529173851013,0.031956423074007034,0.9995729923248291
L31.v_proj,counter,full,128,0.5662640333175659,0.0009375216322951019,0.03061897503665173,0.16524338722229004,0.054071906954050064,0.9985371828079224
L31.v_proj,counter,full,64,0.5662640333175659,0.003322076750919223,0.057637459615420446,0.31346672773361206,0.10178548842668533,0.9948548078536987
L31.v_proj,counter,full,32,0.5662640333175659,0.010735011659562588,0.10360990135871469,0.5803002119064331,0.1829710155725479,0.9837473630905151
L31.v_proj,counter,full,16,0.5662640333175659,0.03827177733182907,0.1956317390707067,1.0720911026000977,0.3454779386520386,0.9469161033630371
L31.v_proj,counter,halve,128,0.5662640333175659,0.0009572700946591794,0.030939781748732156,0.15615783631801605,0.05463843792676926,0.9985201358795166
L31.v_proj,bitrev,full,256,0.5662640333175659,0.00032745697535574436,0.018095772306142236,0.10671529173851013,0.031956423074007034,0.9995729923248291
L31.v_proj,bitrev,full,128,0.5662640333175659,0.0009229693678207695,0.030380410922513368,0.2026810646057129,0.053650613874197006,0.9986466765403748
L31.v_proj,bitrev,full,64,0.5662640333175659,0.00313245365396142,0.05596832723926471,0.32915639877319336,0.09883785992860794,0.9953228235244751
L31.v_proj,bitrev,full,32,0.5662640333175659,0.010387464426457882,0.10191891103449782,0.5444679260253906,0.17998479306697845,0.9846742153167725
L31.v_proj,bitrev,full,16,0.5662640333175659,0.03252069652080536,0.18033495645826783,0.8216363191604614,0.318464457988739,0.9539392590522766
L31.v_proj,bitrev,halve,128,0.5662640333175659,0.0008810986764729023,0.029683306360190103,0.15142226219177246,0.05241955444216728,0.9986284375190735
L31.v_proj,random,full,256,0.5662640333175659,0.00032745697535574436,0.018095772306142236,0.10671529173851013,0.031956423074007034,0.9995729923248291
L31.v_proj,random,full,128,0.5662640333175659,0.0008554319501854479,0.029247768294101483,0.15608352422714233,0.051650408655405045,0.9986662864685059
L31.v_proj,random,full,64,0.5662640333175659,0.0029404759407043457,0.05422615550363446,0.29814743995666504,0.0957612618803978,0.995485782623291
L31.v_proj,random,full,32,0.5662640333175659,0.009654917754232883,0.09825944104376375,0.484424352645874,0.17352232336997986,0.9852464199066162
L31.v_proj,random,full,16,0.5662640333175659,0.029361102730035782,0.17135081771043809,0.8617585301399231,0.3025988042354584,0.9563931226730347
L31.v_proj,random,halve,128,0.5662640333175659,0.0008528851321898401,0.029204197167356612,0.16897505521774292,0.05157346650958061,0.9986756443977356
